{"level":"warn","message":"Encryption key was not 32 bytes. Derived a 32-byte key using SHA-256.","timestamp":"2026-06-22 19:12:19"}
{"level":"warn","message":"Encryption key was not 32 bytes. Derived a 32-byte key using SHA-256.","timestamp":"2026-06-22 19:13:08"}
{"level":"info","message":"Connected to SQLite database at C:\\Users\\CADCAM\\.antigravity-ide\\ISIQALO MED\\backend\\data\\isiqalo.db","timestamp":"2026-06-22 19:13:08"}
{"level":"info","message":"Database tables initialized successfully","timestamp":"2026-06-22 19:13:08"}
{"level":"warn","message":"Encryption key was not 32 bytes. Derived a 32-byte key using SHA-256.","timestamp":"2026-06-22 19:13:30"}
{"level":"info","message":"Connected to SQLite database at C:\\Users\\CADCAM\\.antigravity-ide\\ISIQALO MED\\backend\\data\\isiqalo.db","timestamp":"2026-06-22 19:13:30"}
{"level":"info","message":"Database tables initialized successfully","timestamp":"2026-06-22 19:13:30"}
{"level":"warn","message":"Encryption key was not 32 bytes. Derived a 32-byte key using SHA-256.","timestamp":"2026-06-22 19:15:14"}
{"level":"info","message":"Serving static files from C:\\Users\\CADCAM\\.antigravity-ide\\ISIQALO MED\\frontend\\dist","timestamp":"2026-06-22 19:15:14"}
{"level":"info","message":"Server successfully running on port 5000","timestamp":"2026-06-22 19:15:14"}
{"level":"info","message":"Connected to SQLite database at C:\\Users\\CADCAM\\.antigravity-ide\\ISIQALO MED\\backend\\data\\isiqalo.db","timestamp":"2026-06-22 19:15:14"}
{"level":"info","message":"Database tables initialized successfully","timestamp":"2026-06-22 19:15:14"}
{"level":"info","message":"POST /api/auth/register - IP: ::1","timestamp":"2026-06-22 19:19:44"}
{"level":"info","message":{"action":"SIGNUP_SUCCESS","details":"User registered: dr.madiba@clinic.co.za","event":"SECURITY_AUDIT","ipAddress":"::1","timestamp":"2026-06-22T17:19:44.627Z","userAgent":"Mozilla/5.0 (Windows NT 10.0; Win64; x64) AppleWebKit/537.36 (KHTML, like Gecko) Chrome/149.0.0.0 Safari/537.36","userId":"b4d8b833-e68f-4f87-b569-43d2478490f6"},"timestamp":"2026-06-22 19:19:44"}
{"level":"info","message":"GET /api/cases - IP: ::1","timestamp":"2026-06-22 19:19:44"}
{"level":"info","message":"GET /api/cases - IP: ::1","timestamp":"2026-06-22 19:19:44"}
{"level":"info","message":"GET /api/extract/history - IP: ::1","timestamp":"2026-06-22 19:19:44"}
{"level":"info","message":"GET /api/extract/history - IP: ::1","timestamp":"2026-06-22 19:19:44"}
{"level":"info","message":"GET /api/cases - IP: ::1","timestamp":"2026-06-22 19:24:14"}
{"level":"info","message":"GET /api/cases - IP: ::1","timestamp":"2026-06-22 19:24:14"}
{"level":"info","message":"GET /api/extract/history - IP: ::1","timestamp":"2026-06-22 19:24:14"}
{"level":"info","message":"GET /api/extract/history - IP: ::1","timestamp":"2026-06-22 19:24:14"}
{"level":"info","message":"GET /api/cases?search=&category=All - IP: ::1","timestamp":"2026-06-22 19:24:43"}
{"level":"info","message":"GET /api/cases?search=&category=All - IP: ::1","timestamp":"2026-06-22 19:24:43"}
{"level":"info","message":"POST /api/extract - IP: ::1","timestamp":"2026-06-22 19:24:55"}
{"level":"info","message":{"action":"DATA_EXTRACTION","details":"Extracted 1 records in JSON format.","event":"SECURITY_AUDIT","ipAddress":"::1","timestamp":"2026-06-22T17:24:55.162Z","userAgent":"Mozilla/5.0 (Windows NT 10.0; Win64; x64) AppleWebKit/537.36 (KHTML, like Gecko) Chrome/149.0.0.0 Safari/537.36","userId":"b4d8b833-e68f-4f87-b569-43d2478490f6"},"timestamp":"2026-06-22 19:24:55"}
{"level":"info","message":"GET /api/cases?search=&category=All&sort=recent - IP: ::1","timestamp":"2026-06-22 19:25:06"}
{"level":"info","message":"GET /api/cases?search=&category=All&sort=recent - IP: ::1","timestamp":"2026-06-22 19:25:06"}
{"level":"info","message":"GET /api/cases?search=&category=All&sort=recent - IP: ::1","timestamp":"2026-06-22 19:25:29"}
{"level":"info","message":"GET /api/cases?search=&category=All&sort=recent - IP: ::1","timestamp":"2026-06-22 19:25:29"}
{"level":"info","message":"GET /api/settings/audit-logs - IP: ::1","timestamp":"2026-06-22 19:25:41"}
{"level":"info","message":"GET /api/settings/audit-logs - IP: ::1","timestamp":"2026-06-22 19:25:49"}
{"level":"info","message":"GET /api/cases?search=&category=All&sort=recent - IP: ::1","timestamp":"2026-06-22 19:25:52"}
{"level":"info","message":"GET /api/cases?search=&category=All&sort=recent - IP: ::1","timestamp":"2026-06-22 19:25:53"}
{"level":"info","message":"GET /api/cases - IP: ::1","timestamp":"2026-06-22 19:25:57"}
{"level":"info","message":"GET /api/cases - IP: ::1","timestamp":"2026-06-22 19:25:57"}
{"level":"info","message":"GET /api/extract/history - IP: ::1","timestamp":"2026-06-22 19:25:57"}
{"level":"info","message":"GET /api/extract/history - IP: ::1","timestamp":"2026-06-22 19:25:57"}
{"level":"info","message":"GET /api/cases - IP: ::1","timestamp":"2026-06-22 19:38:48"}
{"level":"info","message":"GET /api/cases - IP: ::1","timestamp":"2026-06-22 19:38:48"}
{"level":"info","message":"GET /api/extract/history - IP: ::1","timestamp":"2026-06-22 19:38:48"}
{"level":"info","message":"GET /api/extract/history - IP: ::1","timestamp":"2026-06-22 19:38:48"}
{"level":"info","message":"GET /api/cases?search=&category=All&sort=recent - IP: ::1","timestamp":"2026-06-22 19:39:28"}
{"level":"info","message":"GET /api/cases?search=&category=All&sort=recent - IP: ::1","timestamp":"2026-06-22 19:39:28"}
{"level":"info","message":"GET /api/cases - IP: ::1","timestamp":"2026-06-22 19:39:31"}
{"level":"info","message":"GET /api/cases - IP: ::1","timestamp":"2026-06-22 19:39:31"}
{"level":"info","message":"GET /api/extract/history - IP: ::1","timestamp":"2026-06-22 19:39:31"}
{"level":"info","message":"GET /api/extract/history - IP: ::1","timestamp":"2026-06-22 19:39:31"}
{"level":"info","message":"GET /api/cases?search=&category=All&sort=recent - IP: ::1","timestamp":"2026-06-22 19:39:42"}
{"level":"info","message":"GET /api/cases?search=&category=All&sort=recent - IP: ::1","timestamp":"2026-06-22 19:39:42"}
{"level":"info","message":"GET /api/cases - IP: ::1","timestamp":"2026-06-22 19:39:46"}
{"level":"info","message":"GET /api/cases - IP: ::1","timestamp":"2026-06-22 19:39:46"}
{"level":"info","message":"GET /api/extract/history - IP: ::1","timestamp":"2026-06-22 19:39:46"}
{"level":"info","message":"GET /api/extract/history - IP: ::1","timestamp":"2026-06-22 19:39:46"}
{"level":"info","message":"GET /api/settings/audit-logs - IP: ::1","timestamp":"2026-06-22 19:47:04"}
{"level":"info","message":"GET /api/cases - IP: ::1","timestamp":"2026-06-22 19:47:09"}
{"level":"info","message":"GET /api/cases - IP: ::1","timestamp":"2026-06-22 19:47:09"}
{"level":"info","message":"GET /api/extract/history - IP: ::1","timestamp":"2026-06-22 19:47:09"}
{"level":"info","message":"GET /api/extract/history - IP: ::1","timestamp":"2026-06-22 19:47:09"}
{"level":"warn","message":"Encryption key was not 32 bytes. Derived a 32-byte key using SHA-256.","timestamp":"2026-06-30 10:59:23"}
{"level":"info","message":"Serving static files from C:\\Users\\CADCAM\\.antigravity-ide\\ISIQALO MED\\frontend\\dist","timestamp":"2026-06-30 10:59:23"}
{"level":"info","message":"Server successfully running on port 5000","timestamp":"2026-06-30 10:59:23"}
{"level":"info","message":"Connected to SQLite database at C:\\Users\\CADCAM\\.antigravity-ide\\ISIQALO MED\\backend\\data\\isiqalo.db","timestamp":"2026-06-30 10:59:23"}
{"level":"info","message":"Database tables initialized successfully","timestamp":"2026-06-30 10:59:23"}
{"level":"info","message":"POST /api/auth/login - IP: ::1","timestamp":"2026-06-30 11:02:37"}
{"level":"info","message":{"action":"LOGIN_FAILURE","details":"Invalid login attempt for email: keshavpreethlal@gmail.com","event":"SECURITY_AUDIT","ipAddress":"::1","timestamp":"2026-06-30T09:02:37.242Z","userAgent":"Mozilla/5.0 (Windows NT 10.0; Win64; x64) AppleWebKit/537.36 (KHTML, like Gecko) Chrome/149.0.0.0 Safari/537.36","userId":null},"timestamp":"2026-06-30 11:02:37"}
{"level":"info","message":"POST /api/auth/login - IP: ::1","timestamp":"2026-06-30 11:02:38"}
{"level":"info","message":{"action":"LOGIN_FAILURE","details":"Invalid login attempt for email: keshavpreethlal@gmail.com","event":"SECURITY_AUDIT","ipAddress":"::1","timestamp":"2026-06-30T09:02:38.874Z","userAgent":"Mozilla/5.0 (Windows NT 10.0; Win64; x64) AppleWebKit/537.36 (KHTML, like Gecko) Chrome/149.0.0.0 Safari/537.36","userId":null},"timestamp":"2026-06-30 11:02:38"}
{"level":"info","message":"POST /api/auth/login - IP: ::1","timestamp":"2026-06-30 11:02:39"}
{"level":"info","message":{"action":"LOGIN_FAILURE","details":"Invalid login attempt for email: keshavpreethlal@gmail.com","event":"SECURITY_AUDIT","ipAddress":"::1","timestamp":"2026-06-30T09:02:39.757Z","userAgent":"Mozilla/5.0 (Windows NT 10.0; Win64; x64) AppleWebKit/537.36 (KHTML, like Gecko) Chrome/149.0.0.0 Safari/537.36","userId":null},"timestamp":"2026-06-30 11:02:39"}
{"level":"info","message":"POST /api/auth/login - IP: ::1","timestamp":"2026-06-30 11:02:43"}
{"level":"info","message":{"action":"LOGIN_FAILURE","details":"Invalid login attempt for email: keshavpreethlal@gmail.com","event":"SECURITY_AUDIT","ipAddress":"::1","timestamp":"2026-06-30T09:02:43.579Z","userAgent":"Mozilla/5.0 (Windows NT 10.0; Win64; x64) AppleWebKit/537.36 (KHTML, like Gecko) Chrome/149.0.0.0 Safari/537.36","userId":null},"timestamp":"2026-06-30 11:02:43"}
{"level":"info","message":"POST /api/auth/login - IP: ::1","timestamp":"2026-06-30 11:03:05"}
{"level":"info","message":{"action":"LOGIN_FAILURE","details":"Invalid login attempt for email: keshavpreethlal@gmail.com","event":"SECURITY_AUDIT","ipAddress":"::1","timestamp":"2026-06-30T09:03:05.282Z","userAgent":"Mozilla/5.0 (Windows NT 10.0; Win64; x64) AppleWebKit/537.36 (KHTML, like Gecko) Chrome/149.0.0.0 Safari/537.36","userId":null},"timestamp":"2026-06-30 11:03:05"}
{"level":"info","message":"POST /api/auth/login - IP: ::1","timestamp":"2026-06-30 11:03:05"}
{"level":"warn","message":"Auth rate limit exceeded for IP: ::1 — possible brute-force attempt on /auth/login","timestamp":"2026-06-30 11:03:05"}
{"level":"info","message":"POST /api/auth/login - IP: ::1","timestamp":"2026-06-30 11:03:06"}
{"level":"warn","message":"Auth rate limit exceeded for IP: ::1 — possible brute-force attempt on /auth/login","timestamp":"2026-06-30 11:03:06"}
{"level":"warn","message":"Encryption key was not 32 bytes. Derived a 32-byte key using SHA-256.","timestamp":"2026-06-30 11:11:54"}
{"level":"info","message":"Serving static files from C:\\Users\\CADCAM\\.antigravity-ide\\ISIQALO MED\\frontend\\dist","timestamp":"2026-06-30 11:11:54"}
{"level":"info","message":"Server successfully running on port 5000","timestamp":"2026-06-30 11:11:54"}
{"level":"info","message":"Connected to SQLite database at C:\\Users\\CADCAM\\.antigravity-ide\\ISIQALO MED\\backend\\data\\isiqalo.db","timestamp":"2026-06-30 11:11:54"}
{"level":"info","message":"Database tables initialized successfully","timestamp":"2026-06-30 11:11:54"}
{"level":"info","message":"Demo practitioner user seeded into database","timestamp":"2026-06-30 11:11:54"}
{"level":"info","message":"GET /api/cases - IP: ::1","timestamp":"2026-06-30 11:12:18"}
{"level":"info","message":"[DEMO MODE] Auto-authenticated as dr.demo@isiqalo.co.za","timestamp":"2026-06-30 11:12:18"}
{"level":"info","message":"GET /api/cases - IP: ::1","timestamp":"2026-06-30 11:12:18"}
{"level":"info","message":"[DEMO MODE] Auto-authenticated as dr.demo@isiqalo.co.za","timestamp":"2026-06-30 11:12:18"}
{"level":"info","message":"GET /api/extract/history - IP: ::1","timestamp":"2026-06-30 11:12:18"}
{"level":"info","message":"[DEMO MODE] Auto-authenticated as dr.demo@isiqalo.co.za","timestamp":"2026-06-30 11:12:18"}
{"level":"info","message":"GET /api/extract/history - IP: ::1","timestamp":"2026-06-30 11:12:18"}
{"level":"info","message":"[DEMO MODE] Auto-authenticated as dr.demo@isiqalo.co.za","timestamp":"2026-06-30 11:12:18"}
{"level":"info","message":"GET /api/cases?search=&category=All&sort=recent - IP: ::1","timestamp":"2026-06-30 11:12:30"}
{"level":"info","message":"[DEMO MODE] Auto-authenticated as dr.demo@isiqalo.co.za","timestamp":"2026-06-30 11:12:30"}
{"level":"info","message":"GET /api/cases?search=&category=All&sort=recent - IP: ::1","timestamp":"2026-06-30 11:12:30"}
{"level":"info","message":"[DEMO MODE] Auto-authenticated as dr.demo@isiqalo.co.za","timestamp":"2026-06-30 11:12:30"}
{"level":"info","message":"POST /api/cases - IP: ::1","timestamp":"2026-06-30 11:13:25"}
{"level":"info","message":"[DEMO MODE] Auto-authenticated as dr.demo@isiqalo.co.za","timestamp":"2026-06-30 11:13:25"}
{"level":"info","message":{"action":"CASE_CREATED","details":"Case created successfully: case-9feeed8c","event":"SECURITY_AUDIT","ipAddress":"::1","timestamp":"2026-06-30T09:13:25.086Z","userAgent":"Mozilla/5.0 (Windows NT 10.0; Win64; x64) AppleWebKit/537.36 (KHTML, like Gecko) Chrome/149.0.0.0 Safari/537.36","userId":"demo-practitioner-001"},"timestamp":"2026-06-30 11:13:25"}
{"level":"info","message":"GET /api/cases?search=&category=All&sort=recent - IP: ::1","timestamp":"2026-06-30 11:13:53"}
{"level":"info","message":"[DEMO MODE] Auto-authenticated as dr.demo@isiqalo.co.za","timestamp":"2026-06-30 11:13:53"}
{"level":"info","message":"GET /api/cases?search=&category=All&sort=recent - IP: ::1","timestamp":"2026-06-30 11:13:53"}
{"level":"info","message":"[DEMO MODE] Auto-authenticated as dr.demo@isiqalo.co.za","timestamp":"2026-06-30 11:13:53"}
{"level":"info","message":"GET /api/cases/case-9feeed8c - IP: ::1","timestamp":"2026-06-30 11:14:04"}
{"level":"info","message":"[DEMO MODE] Auto-authenticated as dr.demo@isiqalo.co.za","timestamp":"2026-06-30 11:14:04"}
{"level":"info","message":"GET /api/cases - IP: ::1","timestamp":"2026-06-30 11:14:18"}
{"level":"info","message":"[DEMO MODE] Auto-authenticated as dr.demo@isiqalo.co.za","timestamp":"2026-06-30 11:14:18"}
{"level":"info","message":"GET /api/cases - IP: ::1","timestamp":"2026-06-30 11:14:18"}
{"level":"info","message":"[DEMO MODE] Auto-authenticated as dr.demo@isiqalo.co.za","timestamp":"2026-06-30 11:14:18"}
{"level":"info","message":"GET /api/extract/history - IP: ::1","timestamp":"2026-06-30 11:14:18"}
{"level":"info","message":"[DEMO MODE] Auto-authenticated as dr.demo@isiqalo.co.za","timestamp":"2026-06-30 11:14:18"}
{"level":"info","message":"GET /api/extract/history - IP: ::1","timestamp":"2026-06-30 11:14:18"}
{"level":"info","message":"[DEMO MODE] Auto-authenticated as dr.demo@isiqalo.co.za","timestamp":"2026-06-30 11:14:18"}
{"level":"info","message":"GET /api/cases - IP: ::1","timestamp":"2026-06-30 11:28:05"}
{"level":"info","message":"[DEMO MODE] Auto-authenticated as dr.demo@isiqalo.co.za","timestamp":"2026-06-30 11:28:05"}
{"level":"info","message":"GET /api/cases - IP: ::1","timestamp":"2026-06-30 11:28:05"}
{"level":"info","message":"[DEMO MODE] Auto-authenticated as dr.demo@isiqalo.co.za","timestamp":"2026-06-30 11:28:05"}
{"level":"info","message":"GET /api/extract/history - IP: ::1","timestamp":"2026-06-30 11:28:05"}
{"level":"info","message":"[DEMO MODE] Auto-authenticated as dr.demo@isiqalo.co.za","timestamp":"2026-06-30 11:28:05"}
{"level":"info","message":"GET /api/extract/history - IP: ::1","timestamp":"2026-06-30 11:28:05"}
{"level":"info","message":"[DEMO MODE] Auto-authenticated as dr.demo@isiqalo.co.za","timestamp":"2026-06-30 11:28:05"}
{"level":"info","message":"GET /api/cases - IP: ::1","timestamp":"2026-06-30 11:34:21"}
{"level":"info","message":"[DEMO MODE] Auto-authenticated as dr.demo@isiqalo.co.za","timestamp":"2026-06-30 11:34:21"}
{"level":"info","message":"GET /api/cases - IP: ::1","timestamp":"2026-06-30 11:34:22"}
{"level":"info","message":"[DEMO MODE] Auto-authenticated as dr.demo@isiqalo.co.za","timestamp":"2026-06-30 11:34:22"}
{"level":"info","message":"GET /api/extract/history - IP: ::1","timestamp":"2026-06-30 11:34:22"}
{"level":"info","message":"[DEMO MODE] Auto-authenticated as dr.demo@isiqalo.co.za","timestamp":"2026-06-30 11:34:22"}
{"level":"info","message":"GET /api/extract/history - IP: ::1","timestamp":"2026-06-30 11:34:22"}
{"level":"info","message":"[DEMO MODE] Auto-authenticated as dr.demo@isiqalo.co.za","timestamp":"2026-06-30 11:34:22"}
{"level":"info","message":"GET /api/cases?search=&category=All&sort=recent - IP: ::1","timestamp":"2026-06-30 11:35:19"}
{"level":"info","message":"[DEMO MODE] Auto-authenticated as dr.demo@isiqalo.co.za","timestamp":"2026-06-30 11:35:19"}
{"level":"info","message":"GET /api/cases?search=&category=All&sort=recent - IP: ::1","timestamp":"2026-06-30 11:35:19"}
{"level":"info","message":"[DEMO MODE] Auto-authenticated as dr.demo@isiqalo.co.za","timestamp":"2026-06-30 11:35:19"}
{"level":"info","message":"GET /api/cases?search=&category=All&sort=recent - IP: ::1","timestamp":"2026-06-30 11:36:29"}
{"level":"info","message":"[DEMO MODE] Auto-authenticated as dr.demo@isiqalo.co.za","timestamp":"2026-06-30 11:36:29"}
{"level":"info","message":"GET /api/cases?search=&category=All&sort=recent - IP: ::1","timestamp":"2026-06-30 11:36:29"}
{"level":"info","message":"[DEMO MODE] Auto-authenticated as dr.demo@isiqalo.co.za","timestamp":"2026-06-30 11:36:29"}
{"level":"info","message":"GET /api/cases?search=&category=All - IP: ::1","timestamp":"2026-06-30 11:36:31"}
{"level":"info","message":"[DEMO MODE] Auto-authenticated as dr.demo@isiqalo.co.za","timestamp":"2026-06-30 11:36:31"}
{"level":"info","message":"GET /api/cases?search=&category=All - IP: ::1","timestamp":"2026-06-30 11:36:31"}
{"level":"info","message":"[DEMO MODE] Auto-authenticated as dr.demo@isiqalo.co.za","timestamp":"2026-06-30 11:36:31"}
{"level":"info","message":"POST /api/extract - IP: ::1","timestamp":"2026-06-30 11:37:03"}
{"level":"info","message":"[DEMO MODE] Auto-authenticated as dr.demo@isiqalo.co.za","timestamp":"2026-06-30 11:37:03"}
{"level":"info","message":{"action":"DATA_EXTRACTION","details":"Extracted 1 records in ZIP format.","event":"SECURITY_AUDIT","ipAddress":"::1","timestamp":"2026-06-30T09:37:03.271Z","userAgent":"Mozilla/5.0 (Windows NT 10.0; Win64; x64) AppleWebKit/537.36 (KHTML, like Gecko) Chrome/149.0.0.0 Safari/537.36","userId":"demo-practitioner-001"},"timestamp":"2026-06-30 11:37:03"}
{"level":"info","message":"GET /api/cases?search=&category=All&sort=recent - IP: ::1","timestamp":"2026-06-30 11:37:25"}
{"level":"info","message":"[DEMO MODE] Auto-authenticated as dr.demo@isiqalo.co.za","timestamp":"2026-06-30 11:37:25"}
{"level":"info","message":"GET /api/cases?search=&category=All&sort=recent - IP: ::1","timestamp":"2026-06-30 11:37:25"}
{"level":"info","message":"[DEMO MODE] Auto-authenticated as dr.demo@isiqalo.co.za","timestamp":"2026-06-30 11:37:25"}
{"level":"info","message":"GET /api/settings/audit-logs - IP: ::1","timestamp":"2026-06-30 11:38:00"}
{"level":"info","message":"[DEMO MODE] Auto-authenticated as dr.demo@isiqalo.co.za","timestamp":"2026-06-30 11:38:00"}
{"level":"info","message":"PUT /api/settings/subscription - IP: ::1","timestamp":"2026-06-30 11:38:05"}
{"level":"info","message":"[DEMO MODE] Auto-authenticated as dr.demo@isiqalo.co.za","timestamp":"2026-06-30 11:38:05"}
{"level":"info","message":{"action":"SUBSCRIPTION_CHANGED","details":"Plan changed to: starter","event":"SECURITY_AUDIT","ipAddress":"::1","timestamp":"2026-06-30T09:38:05.952Z","userAgent":"Mozilla/5.0 (Windows NT 10.0; Win64; x64) AppleWebKit/537.36 (KHTML, like Gecko) Chrome/149.0.0.0 Safari/537.36","userId":"demo-practitioner-001"},"timestamp":"2026-06-30 11:38:05"}
{"level":"info","message":"GET /api/settings/audit-logs - IP: ::1","timestamp":"2026-06-30 11:38:05"}
{"level":"info","message":"[DEMO MODE] Auto-authenticated as dr.demo@isiqalo.co.za","timestamp":"2026-06-30 11:38:05"}
{"level":"info","message":"PUT /api/settings/subscription - IP: ::1","timestamp":"2026-06-30 11:38:07"}
{"level":"info","message":"[DEMO MODE] Auto-authenticated as dr.demo@isiqalo.co.za","timestamp":"2026-06-30 11:38:07"}
{"level":"info","message":{"action":"SUBSCRIPTION_CHANGED","details":"Plan changed to: professional","event":"SECURITY_AUDIT","ipAddress":"::1","timestamp":"2026-06-30T09:38:07.185Z","userAgent":"Mozilla/5.0 (Windows NT 10.0; Win64; x64) AppleWebKit/537.36 (KHTML, like Gecko) Chrome/149.0.0.0 Safari/537.36","userId":"demo-practitioner-001"},"timestamp":"2026-06-30 11:38:07"}
{"level":"info","message":"GET /api/settings/audit-logs - IP: ::1","timestamp":"2026-06-30 11:38:07"}
{"level":"info","message":"[DEMO MODE] Auto-authenticated as dr.demo@isiqalo.co.za","timestamp":"2026-06-30 11:38:07"}
{"level":"info","message":"GET /api/cases - IP: ::1","timestamp":"2026-06-30 11:38:26"}
{"level":"info","message":"[DEMO MODE] Auto-authenticated as dr.demo@isiqalo.co.za","timestamp":"2026-06-30 11:38:26"}
{"level":"info","message":"GET /api/cases - IP: ::1","timestamp":"2026-06-30 11:38:26"}
{"level":"info","message":"[DEMO MODE] Auto-authenticated as dr.demo@isiqalo.co.za","timestamp":"2026-06-30 11:38:26"}
{"level":"info","message":"GET /api/extract/history - IP: ::1","timestamp":"2026-06-30 11:38:26"}
{"level":"info","message":"[DEMO MODE] Auto-authenticated as dr.demo@isiqalo.co.za","timestamp":"2026-06-30 11:38:26"}
{"level":"info","message":"GET /api/extract/history - IP: ::1","timestamp":"2026-06-30 11:38:26"}
{"level":"info","message":"[DEMO MODE] Auto-authenticated as dr.demo@isiqalo.co.za","timestamp":"2026-06-30 11:38:26"}
{"level":"info","message":"POST /api/cases - IP: ::1","timestamp":"2026-06-30 11:47:55"}
{"level":"info","message":"[DEMO MODE] Auto-authenticated as dr.demo@isiqalo.co.za","timestamp":"2026-06-30 11:47:55"}
{"level":"info","message":{"action":"CASE_CREATED","details":"Case created successfully: case-9047a53c","event":"SECURITY_AUDIT","ipAddress":"::1","timestamp":"2026-06-30T09:47:55.088Z","userAgent":"Mozilla/5.0 (Windows NT 10.0; Win64; x64) AppleWebKit/537.36 (KHTML, like Gecko) Chrome/149.0.0.0 Safari/537.36","userId":"demo-practitioner-001"},"timestamp":"2026-06-30 11:47:55"}
{"level":"info","message":"GET /api/cases - IP: ::1","timestamp":"2026-06-30 11:48:15"}
{"level":"info","message":"[DEMO MODE] Auto-authenticated as dr.demo@isiqalo.co.za","timestamp":"2026-06-30 11:48:15"}
{"level":"info","message":"GET /api/cases - IP: ::1","timestamp":"2026-06-30 11:48:15"}
{"level":"info","message":"[DEMO MODE] Auto-authenticated as dr.demo@isiqalo.co.za","timestamp":"2026-06-30 11:48:15"}
{"level":"info","message":"GET /api/extract/history - IP: ::1","timestamp":"2026-06-30 11:48:15"}
{"level":"info","message":"[DEMO MODE] Auto-authenticated as dr.demo@isiqalo.co.za","timestamp":"2026-06-30 11:48:15"}
{"level":"info","message":"GET /api/extract/history - IP: ::1","timestamp":"2026-06-30 11:48:15"}
{"level":"info","message":"[DEMO MODE] Auto-authenticated as dr.demo@isiqalo.co.za","timestamp":"2026-06-30 11:48:15"}
{"level":"info","message":"GET /api/cases?search=&category=All - IP: ::1","timestamp":"2026-06-30 11:48:31"}
{"level":"info","message":"[DEMO MODE] Auto-authenticated as dr.demo@isiqalo.co.za","timestamp":"2026-06-30 11:48:31"}
{"level":"info","message":"GET /api/cases?search=&category=All - IP: ::1","timestamp":"2026-06-30 11:48:31"}
{"level":"info","message":"[DEMO MODE] Auto-authenticated as dr.demo@isiqalo.co.za","timestamp":"2026-06-30 11:48:31"}
{"level":"info","message":"GET /api/cases?search=&category=Dentistry - IP: ::1","timestamp":"2026-06-30 11:49:03"}
{"level":"info","message":"[DEMO MODE] Auto-authenticated as dr.demo@isiqalo.co.za","timestamp":"2026-06-30 11:49:03"}
{"level":"info","message":"POST /api/extract - IP: ::1","timestamp":"2026-06-30 11:49:13"}
{"level":"info","message":"[DEMO MODE] Auto-authenticated as dr.demo@isiqalo.co.za","timestamp":"2026-06-30 11:49:13"}
{"level":"info","message":{"action":"DATA_EXTRACTION","details":"Extracted 1 records in PDF format.","event":"SECURITY_AUDIT","ipAddress":"::1","timestamp":"2026-06-30T09:49:13.783Z","userAgent":"Mozilla/5.0 (Windows NT 10.0; Win64; x64) AppleWebKit/537.36 (KHTML, like Gecko) Chrome/149.0.0.0 Safari/537.36","userId":"demo-practitioner-001"},"timestamp":"2026-06-30 11:49:13"}
{"level":"info","message":"GET /api/cases?search=&category=All&sort=recent - IP: ::1","timestamp":"2026-06-30 11:49:39"}
{"level":"info","message":"[DEMO MODE] Auto-authenticated as dr.demo@isiqalo.co.za","timestamp":"2026-06-30 11:49:39"}
{"level":"info","message":"GET /api/cases?search=&category=All&sort=recent - IP: ::1","timestamp":"2026-06-30 11:49:39"}
{"level":"info","message":"[DEMO MODE] Auto-authenticated as dr.demo@isiqalo.co.za","timestamp":"2026-06-30 11:49:39"}
{"level":"info","message":"GET /api/cases?search=&category=All&sort=views - IP: ::1","timestamp":"2026-06-30 11:49:44"}
{"level":"info","message":"[DEMO MODE] Auto-authenticated as dr.demo@isiqalo.co.za","timestamp":"2026-06-30 11:49:44"}
{"level":"info","message":"GET /api/cases?search=&category=All&sort=likes - IP: ::1","timestamp":"2026-06-30 11:49:47"}
{"level":"info","message":"[DEMO MODE] Auto-authenticated as dr.demo@isiqalo.co.za","timestamp":"2026-06-30 11:49:47"}
{"level":"info","message":"GET /api/cases?search=&category=All&sort=downloads - IP: ::1","timestamp":"2026-06-30 11:49:49"}
{"level":"info","message":"[DEMO MODE] Auto-authenticated as dr.demo@isiqalo.co.za","timestamp":"2026-06-30 11:49:49"}
{"level":"info","message":"POST /api/cases/case-9047a53c/like - IP: ::1","timestamp":"2026-06-30 11:49:51"}
{"level":"info","message":"[DEMO MODE] Auto-authenticated as dr.demo@isiqalo.co.za","timestamp":"2026-06-30 11:49:51"}
{"level":"info","message":"GET /api/cases/case-9047a53c - IP: ::1","timestamp":"2026-06-30 11:49:58"}
{"level":"info","message":"[DEMO MODE] Auto-authenticated as dr.demo@isiqalo.co.za","timestamp":"2026-06-30 11:49:58"}
{"level":"info","message":"GET /api/cases/case-9feeed8c - IP: ::1","timestamp":"2026-06-30 11:50:37"}
{"level":"info","message":"[DEMO MODE] Auto-authenticated as dr.demo@isiqalo.co.za","timestamp":"2026-06-30 11:50:37"}
{"level":"info","message":"GET /api/cases/case-9047a53c - IP: ::1","timestamp":"2026-06-30 11:51:01"}
{"level":"info","message":"[DEMO MODE] Auto-authenticated as dr.demo@isiqalo.co.za","timestamp":"2026-06-30 11:51:01"}
{"level":"info","message":"GET /api/settings/audit-logs - IP: ::1","timestamp":"2026-06-30 11:52:02"}
{"level":"info","message":"[DEMO MODE] Auto-authenticated as dr.demo@isiqalo.co.za","timestamp":"2026-06-30 11:52:02"}
{"level":"info","message":"PUT /api/settings/subscription - IP: ::1","timestamp":"2026-06-30 11:52:14"}
{"level":"info","message":"[DEMO MODE] Auto-authenticated as dr.demo@isiqalo.co.za","timestamp":"2026-06-30 11:52:14"}
{"level":"info","message":{"action":"SUBSCRIPTION_CHANGED","details":"Plan changed to: enterprise","event":"SECURITY_AUDIT","ipAddress":"::1","timestamp":"2026-06-30T09:52:14.416Z","userAgent":"Mozilla/5.0 (Windows NT 10.0; Win64; x64) AppleWebKit/537.36 (KHTML, like Gecko) Chrome/149.0.0.0 Safari/537.36","userId":"demo-practitioner-001"},"timestamp":"2026-06-30 11:52:14"}
{"level":"info","message":"GET /api/settings/audit-logs - IP: ::1","timestamp":"2026-06-30 11:52:14"}
{"level":"info","message":"[DEMO MODE] Auto-authenticated as dr.demo@isiqalo.co.za","timestamp":"2026-06-30 11:52:14"}
{"level":"info","message":"PUT /api/settings/subscription - IP: ::1","timestamp":"2026-06-30 11:52:14"}
{"level":"info","message":"[DEMO MODE] Auto-authenticated as dr.demo@isiqalo.co.za","timestamp":"2026-06-30 11:52:14"}
{"level":"info","message":{"action":"SUBSCRIPTION_CHANGED","details":"Plan changed to: professional","event":"SECURITY_AUDIT","ipAddress":"::1","timestamp":"2026-06-30T09:52:14.958Z","userAgent":"Mozilla/5.0 (Windows NT 10.0; Win64; x64) AppleWebKit/537.36 (KHTML, like Gecko) Chrome/149.0.0.0 Safari/537.36","userId":"demo-practitioner-001"},"timestamp":"2026-06-30 11:52:14"}
{"level":"info","message":"GET /api/settings/audit-logs - IP: ::1","timestamp":"2026-06-30 11:52:14"}
{"level":"info","message":"[DEMO MODE] Auto-authenticated as dr.demo@isiqalo.co.za","timestamp":"2026-06-30 11:52:14"}
{"level":"info","message":"GET /api/cases - IP: ::1","timestamp":"2026-06-30 11:52:36"}
{"level":"info","message":"[DEMO MODE] Auto-authenticated as dr.demo@isiqalo.co.za","timestamp":"2026-06-30 11:52:36"}
{"level":"info","message":"GET /api/cases - IP: ::1","timestamp":"2026-06-30 11:52:36"}
{"level":"info","message":"[DEMO MODE] Auto-authenticated as dr.demo@isiqalo.co.za","timestamp":"2026-06-30 11:52:36"}
{"level":"info","message":"GET /api/extract/history - IP: ::1","timestamp":"2026-06-30 11:52:36"}
{"level":"info","message":"[DEMO MODE] Auto-authenticated as dr.demo@isiqalo.co.za","timestamp":"2026-06-30 11:52:36"}
{"level":"info","message":"GET /api/extract/history - IP: ::1","timestamp":"2026-06-30 11:52:36"}
{"level":"info","message":"[DEMO MODE] Auto-authenticated as dr.demo@isiqalo.co.za","timestamp":"2026-06-30 11:52:36"}
{"level":"warn","message":"Encryption key was not 32 bytes. Derived a 32-byte key using SHA-256.","timestamp":"2026-06-30 21:40:06"}
{"level":"info","message":"Serving static files from C:\\Users\\CADCAM\\.antigravity-ide\\ISIQALO MED\\frontend\\dist","timestamp":"2026-06-30 21:40:06"}
{"level":"info","message":"Server successfully running on port 5000","timestamp":"2026-06-30 21:40:06"}
{"level":"info","message":"Connected to SQLite database at C:\\Users\\CADCAM\\.antigravity-ide\\ISIQALO MED\\backend\\data\\isiqalo.db","timestamp":"2026-06-30 21:40:06"}
{"level":"info","message":"Database tables initialized successfully","timestamp":"2026-06-30 21:40:06"}
{"level":"info","message":"GET /api/cases - IP: ::1","timestamp":"2026-06-30 21:40:44"}
{"level":"info","message":"[DEMO MODE] Auto-authenticated as dr.demo@isiqalo.co.za","timestamp":"2026-06-30 21:40:44"}
{"level":"info","message":"GET /api/cases - IP: ::1","timestamp":"2026-06-30 21:40:44"}
{"level":"info","message":"[DEMO MODE] Auto-authenticated as dr.demo@isiqalo.co.za","timestamp":"2026-06-30 21:40:44"}
{"level":"info","message":"GET /api/extract/history - IP: ::1","timestamp":"2026-06-30 21:40:44"}
{"level":"info","message":"[DEMO MODE] Auto-authenticated as dr.demo@isiqalo.co.za","timestamp":"2026-06-30 21:40:44"}
{"level":"info","message":"GET /api/extract/history - IP: ::1","timestamp":"2026-06-30 21:40:44"}
{"level":"info","message":"[DEMO MODE] Auto-authenticated as dr.demo@isiqalo.co.za","timestamp":"2026-06-30 21:40:44"}
{"level":"info","message":"GET /api/cases - IP: ::1","timestamp":"2026-06-30 21:40:54"}
{"level":"info","message":"[DEMO MODE] Auto-authenticated as dr.demo@isiqalo.co.za","timestamp":"2026-06-30 21:40:54"}
{"level":"info","message":"GET /api/cases - IP: ::1","timestamp":"2026-06-30 21:40:54"}
{"level":"info","message":"[DEMO MODE] Auto-authenticated as dr.demo@isiqalo.co.za","timestamp":"2026-06-30 21:40:54"}
{"level":"info","message":"GET /api/extract/history - IP: ::1","timestamp":"2026-06-30 21:40:54"}
{"level":"info","message":"[DEMO MODE] Auto-authenticated as dr.demo@isiqalo.co.za","timestamp":"2026-06-30 21:40:54"}
{"level":"info","message":"GET /api/extract/history - IP: ::1","timestamp":"2026-06-30 21:40:54"}
{"level":"info","message":"[DEMO MODE] Auto-authenticated as dr.demo@isiqalo.co.za","timestamp":"2026-06-30 21:40:54"}
{"level":"info","message":"GET /api/cases?search=&category=All - IP: ::1","timestamp":"2026-06-30 21:40:55"}
{"level":"info","message":"[DEMO MODE] Auto-authenticated as dr.demo@isiqalo.co.za","timestamp":"2026-06-30 21:40:55"}
{"level":"info","message":"GET /api/cases?search=&category=All - IP: ::1","timestamp":"2026-06-30 21:40:55"}
{"level":"info","message":"[DEMO MODE] Auto-authenticated as dr.demo@isiqalo.co.za","timestamp":"2026-06-30 21:40:55"}
{"level":"info","message":"GET /api/cases - IP: ::1","timestamp":"2026-06-30 21:40:59"}
{"level":"info","message":"[DEMO MODE] Auto-authenticated as dr.demo@isiqalo.co.za","timestamp":"2026-06-30 21:40:59"}
{"level":"info","message":"GET /api/cases - IP: ::1","timestamp":"2026-06-30 21:40:59"}
{"level":"info","message":"[DEMO MODE] Auto-authenticated as dr.demo@isiqalo.co.za","timestamp":"2026-06-30 21:40:59"}
{"level":"info","message":"GET /api/extract/history - IP: ::1","timestamp":"2026-06-30 21:40:59"}
{"level":"info","message":"[DEMO MODE] Auto-authenticated as dr.demo@isiqalo.co.za","timestamp":"2026-06-30 21:40:59"}
{"level":"info","message":"GET /api/extract/history - IP: ::1","timestamp":"2026-06-30 21:40:59"}
{"level":"info","message":"[DEMO MODE] Auto-authenticated as dr.demo@isiqalo.co.za","timestamp":"2026-06-30 21:40:59"}
{"level":"info","message":"GET /api/cases?search=&category=All - IP: ::1","timestamp":"2026-06-30 21:41:01"}
{"level":"info","message":"[DEMO MODE] Auto-authenticated as dr.demo@isiqalo.co.za","timestamp":"2026-06-30 21:41:01"}
{"level":"info","message":"GET /api/cases?search=&category=All - IP: ::1","timestamp":"2026-06-30 21:41:01"}
{"level":"info","message":"[DEMO MODE] Auto-authenticated as dr.demo@isiqalo.co.za","timestamp":"2026-06-30 21:41:01"}
{"level":"info","message":"GET /api/cases - IP: ::1","timestamp":"2026-06-30 21:41:03"}
{"level":"info","message":"[DEMO MODE] Auto-authenticated as dr.demo@isiqalo.co.za","timestamp":"2026-06-30 21:41:03"}
{"level":"info","message":"GET /api/cases - IP: ::1","timestamp":"2026-06-30 21:41:03"}
{"level":"info","message":"[DEMO MODE] Auto-authenticated as dr.demo@isiqalo.co.za","timestamp":"2026-06-30 21:41:03"}
{"level":"info","message":"GET /api/extract/history - IP: ::1","timestamp":"2026-06-30 21:41:03"}
{"level":"info","message":"[DEMO MODE] Auto-authenticated as dr.demo@isiqalo.co.za","timestamp":"2026-06-30 21:41:03"}
{"level":"info","message":"GET /api/extract/history - IP: ::1","timestamp":"2026-06-30 21:41:03"}
{"level":"info","message":"[DEMO MODE] Auto-authenticated as dr.demo@isiqalo.co.za","timestamp":"2026-06-30 21:41:03"}
{"level":"info","message":"GET /api/cases?search=&category=All - IP: ::1","timestamp":"2026-06-30 21:41:05"}
{"level":"info","message":"[DEMO MODE] Auto-authenticated as dr.demo@isiqalo.co.za","timestamp":"2026-06-30 21:41:05"}
{"level":"info","message":"GET /api/cases?search=&category=All - IP: ::1","timestamp":"2026-06-30 21:41:05"}
{"level":"info","message":"[DEMO MODE] Auto-authenticated as dr.demo@isiqalo.co.za","timestamp":"2026-06-30 21:41:05"}
{"level":"info","message":"GET /api/cases - IP: ::1","timestamp":"2026-06-30 21:41:06"}
{"level":"info","message":"[DEMO MODE] Auto-authenticated as dr.demo@isiqalo.co.za","timestamp":"2026-06-30 21:41:06"}
{"level":"info","message":"GET /api/cases - IP: ::1","timestamp":"2026-06-30 21:41:06"}
{"level":"info","message":"[DEMO MODE] Auto-authenticated as dr.demo@isiqalo.co.za","timestamp":"2026-06-30 21:41:06"}
{"level":"info","message":"GET /api/extract/history - IP: ::1","timestamp":"2026-06-30 21:41:06"}
{"level":"info","message":"[DEMO MODE] Auto-authenticated as dr.demo@isiqalo.co.za","timestamp":"2026-06-30 21:41:06"}
{"level":"info","message":"GET /api/extract/history - IP: ::1","timestamp":"2026-06-30 21:41:06"}
{"level":"info","message":"[DEMO MODE] Auto-authenticated as dr.demo@isiqalo.co.za","timestamp":"2026-06-30 21:41:06"}
{"level":"info","message":"GET /api/cases?search=&category=All - IP: ::1","timestamp":"2026-06-30 21:41:07"}
{"level":"info","message":"[DEMO MODE] Auto-authenticated as dr.demo@isiqalo.co.za","timestamp":"2026-06-30 21:41:07"}
{"level":"info","message":"GET /api/cases?search=&category=All - IP: ::1","timestamp":"2026-06-30 21:41:07"}
{"level":"info","message":"[DEMO MODE] Auto-authenticated as dr.demo@isiqalo.co.za","timestamp":"2026-06-30 21:41:07"}
{"level":"info","message":"GET /api/cases - IP: ::1","timestamp":"2026-06-30 21:41:08"}
{"level":"info","message":"[DEMO MODE] Auto-authenticated as dr.demo@isiqalo.co.za","timestamp":"2026-06-30 21:41:08"}
{"level":"info","message":"GET /api/cases - IP: ::1","timestamp":"2026-06-30 21:41:08"}
{"level":"info","message":"[DEMO MODE] Auto-authenticated as dr.demo@isiqalo.co.za","timestamp":"2026-06-30 21:41:08"}
{"level":"info","message":"GET /api/extract/history - IP: ::1","timestamp":"2026-06-30 21:41:08"}
{"level":"info","message":"[DEMO MODE] Auto-authenticated as dr.demo@isiqalo.co.za","timestamp":"2026-06-30 21:41:08"}
{"level":"info","message":"GET /api/extract/history - IP: ::1","timestamp":"2026-06-30 21:41:08"}
{"level":"info","message":"[DEMO MODE] Auto-authenticated as dr.demo@isiqalo.co.za","timestamp":"2026-06-30 21:41:08"}
{"level":"info","message":"GET /api/cases?search=&category=All - IP: ::1","timestamp":"2026-06-30 21:41:11"}
{"level":"info","message":"[DEMO MODE] Auto-authenticated as dr.demo@isiqalo.co.za","timestamp":"2026-06-30 21:41:11"}
{"level":"info","message":"GET /api/cases?search=&category=All - IP: ::1","timestamp":"2026-06-30 21:41:11"}
{"level":"info","message":"[DEMO MODE] Auto-authenticated as dr.demo@isiqalo.co.za","timestamp":"2026-06-30 21:41:11"}
{"level":"info","message":"GET /api/cases - IP: ::1","timestamp":"2026-06-30 21:41:12"}
{"level":"info","message":"[DEMO MODE] Auto-authenticated as dr.demo@isiqalo.co.za","timestamp":"2026-06-30 21:41:12"}
{"level":"info","message":"GET /api/cases - IP: ::1","timestamp":"2026-06-30 21:41:12"}
{"level":"info","message":"[DEMO MODE] Auto-authenticated as dr.demo@isiqalo.co.za","timestamp":"2026-06-30 21:41:12"}
{"level":"info","message":"GET /api/extract/history - IP: ::1","timestamp":"2026-06-30 21:41:12"}
{"level":"info","message":"[DEMO MODE] Auto-authenticated as dr.demo@isiqalo.co.za","timestamp":"2026-06-30 21:41:12"}
{"level":"info","message":"GET /api/extract/history - IP: ::1","timestamp":"2026-06-30 21:41:12"}
{"level":"info","message":"[DEMO MODE] Auto-authenticated as dr.demo@isiqalo.co.za","timestamp":"2026-06-30 21:41:12"}
{"level":"info","message":"GET /api/cases?search=&category=All&sort=recent - IP: ::1","timestamp":"2026-06-30 21:41:15"}
{"level":"info","message":"[DEMO MODE] Auto-authenticated as dr.demo@isiqalo.co.za","timestamp":"2026-06-30 21:41:15"}
{"level":"info","message":"GET /api/cases?search=&category=All&sort=recent - IP: ::1","timestamp":"2026-06-30 21:41:15"}
{"level":"info","message":"[DEMO MODE] Auto-authenticated as dr.demo@isiqalo.co.za","timestamp":"2026-06-30 21:41:15"}
{"level":"info","message":"GET /api/cases?search=&category=All - IP: ::1","timestamp":"2026-06-30 21:41:19"}
{"level":"info","message":"[DEMO MODE] Auto-authenticated as dr.demo@isiqalo.co.za","timestamp":"2026-06-30 21:41:19"}
{"level":"info","message":"GET /api/cases?search=&category=All - IP: ::1","timestamp":"2026-06-30 21:41:19"}
{"level":"info","message":"[DEMO MODE] Auto-authenticated as dr.demo@isiqalo.co.za","timestamp":"2026-06-30 21:41:19"}
{"level":"info","message":"GET /api/cases - IP: ::1","timestamp":"2026-06-30 21:41:22"}
{"level":"info","message":"[DEMO MODE] Auto-authenticated as dr.demo@isiqalo.co.za","timestamp":"2026-06-30 21:41:22"}
{"level":"info","message":"GET /api/cases - IP: ::1","timestamp":"2026-06-30 21:41:22"}
{"level":"info","message":"[DEMO MODE] Auto-authenticated as dr.demo@isiqalo.co.za","timestamp":"2026-06-30 21:41:22"}
{"level":"info","message":"GET /api/extract/history - IP: ::1","timestamp":"2026-06-30 21:41:22"}
{"level":"info","message":"[DEMO MODE] Auto-authenticated as dr.demo@isiqalo.co.za","timestamp":"2026-06-30 21:41:22"}
{"level":"info","message":"GET /api/extract/history - IP: ::1","timestamp":"2026-06-30 21:41:22"}
{"level":"info","message":"[DEMO MODE] Auto-authenticated as dr.demo@isiqalo.co.za","timestamp":"2026-06-30 21:41:22"}
{"level":"info","message":"GET /api/cases?search=&category=All&sort=recent - IP: ::1","timestamp":"2026-06-30 21:54:03"}
{"level":"info","message":"[DEMO MODE] Auto-authenticated as dr.demo@isiqalo.co.za","timestamp":"2026-06-30 21:54:03"}
{"level":"info","message":"GET /api/cases?search=&category=All&sort=recent - IP: ::1","timestamp":"2026-06-30 21:54:03"}
{"level":"info","message":"[DEMO MODE] Auto-authenticated as dr.demo@isiqalo.co.za","timestamp":"2026-06-30 21:54:03"}
{"level":"info","message":"GET /api/cases/case-9047a53c - IP: ::1","timestamp":"2026-06-30 21:54:05"}
{"level":"info","message":"[DEMO MODE] Auto-authenticated as dr.demo@isiqalo.co.za","timestamp":"2026-06-30 21:54:05"}
{"level":"info","message":"GET /api/cases/case-9feeed8c - IP: ::1","timestamp":"2026-06-30 21:54:10"}
{"level":"info","message":"[DEMO MODE] Auto-authenticated as dr.demo@isiqalo.co.za","timestamp":"2026-06-30 21:54:10"}
{"level":"info","message":"GET /api/cases/case-9feeed8c - IP: ::1","timestamp":"2026-06-30 21:54:14"}
{"level":"info","message":"[DEMO MODE] Auto-authenticated as dr.demo@isiqalo.co.za","timestamp":"2026-06-30 21:54:14"}
{"level":"info","message":"GET /api/cases - IP: ::1","timestamp":"2026-06-30 21:54:22"}
{"level":"info","message":"[DEMO MODE] Auto-authenticated as dr.demo@isiqalo.co.za","timestamp":"2026-06-30 21:54:22"}
{"level":"info","message":"GET /api/cases - IP: ::1","timestamp":"2026-06-30 21:54:22"}
{"level":"info","message":"[DEMO MODE] Auto-authenticated as dr.demo@isiqalo.co.za","timestamp":"2026-06-30 21:54:22"}
{"level":"info","message":"GET /api/extract/history - IP: ::1","timestamp":"2026-06-30 21:54:22"}
{"level":"info","message":"[DEMO MODE] Auto-authenticated as dr.demo@isiqalo.co.za","timestamp":"2026-06-30 21:54:22"}
{"level":"info","message":"GET /api/extract/history - IP: ::1","timestamp":"2026-06-30 21:54:22"}
{"level":"info","message":"[DEMO MODE] Auto-authenticated as dr.demo@isiqalo.co.za","timestamp":"2026-06-30 21:54:22"}
{"level":"info","message":"GET /api/cases - IP: ::1","timestamp":"2026-07-01 08:29:08"}
{"level":"info","message":"[DEMO MODE] Auto-authenticated as dr.demo@isiqalo.co.za","timestamp":"2026-07-01 08:29:08"}
{"level":"info","message":"GET /api/cases - IP: ::1","timestamp":"2026-07-01 08:29:08"}
{"level":"info","message":"[DEMO MODE] Auto-authenticated as dr.demo@isiqalo.co.za","timestamp":"2026-07-01 08:29:08"}
{"level":"info","message":"GET /api/extract/history - IP: ::1","timestamp":"2026-07-01 08:29:08"}
{"level":"info","message":"[DEMO MODE] Auto-authenticated as dr.demo@isiqalo.co.za","timestamp":"2026-07-01 08:29:08"}
{"level":"info","message":"GET /api/extract/history - IP: ::1","timestamp":"2026-07-01 08:29:08"}
{"level":"info","message":"[DEMO MODE] Auto-authenticated as dr.demo@isiqalo.co.za","timestamp":"2026-07-01 08:29:08"}
{"level":"info","message":"GET /api/cases - IP: ::1","timestamp":"2026-07-01 08:30:32"}
{"level":"info","message":"[DEMO MODE] Auto-authenticated as dr.demo@isiqalo.co.za","timestamp":"2026-07-01 08:30:32"}
{"level":"info","message":"GET /api/cases - IP: ::1","timestamp":"2026-07-01 08:30:32"}
{"level":"info","message":"[DEMO MODE] Auto-authenticated as dr.demo@isiqalo.co.za","timestamp":"2026-07-01 08:30:32"}
{"level":"info","message":"GET /api/extract/history - IP: ::1","timestamp":"2026-07-01 08:30:32"}
{"level":"info","message":"[DEMO MODE] Auto-authenticated as dr.demo@isiqalo.co.za","timestamp":"2026-07-01 08:30:32"}
{"level":"info","message":"GET /api/extract/history - IP: ::1","timestamp":"2026-07-01 08:30:32"}
{"level":"info","message":"[DEMO MODE] Auto-authenticated as dr.demo@isiqalo.co.za","timestamp":"2026-07-01 08:30:32"}
{"level":"info","message":"GET /api/cases?search=&category=All&sort=recent - IP: ::1","timestamp":"2026-07-01 08:39:17"}
{"level":"info","message":"[DEMO MODE] Auto-authenticated as dr.demo@isiqalo.co.za","timestamp":"2026-07-01 08:39:17"}
{"level":"info","message":"GET /api/cases?search=&category=All&sort=recent - IP: ::1","timestamp":"2026-07-01 08:39:17"}
{"level":"info","message":"[DEMO MODE] Auto-authenticated as dr.demo@isiqalo.co.za","timestamp":"2026-07-01 08:39:17"}
{"level":"info","message":"GET /api/cases?search=k&category=All&sort=recent - IP: ::1","timestamp":"2026-07-01 08:39:23"}
{"level":"info","message":"[DEMO MODE] Auto-authenticated as dr.demo@isiqalo.co.za","timestamp":"2026-07-01 08:39:23"}
{"level":"info","message":"GET /api/cases?search=ke&category=All&sort=recent - IP: ::1","timestamp":"2026-07-01 08:39:24"}
{"level":"info","message":"[DEMO MODE] Auto-authenticated as dr.demo@isiqalo.co.za","timestamp":"2026-07-01 08:39:24"}
{"level":"info","message":"GET /api/cases?search=kes&category=All&sort=recent - IP: ::1","timestamp":"2026-07-01 08:39:24"}
{"level":"info","message":"[DEMO MODE] Auto-authenticated as dr.demo@isiqalo.co.za","timestamp":"2026-07-01 08:39:24"}
{"level":"info","message":"GET /api/cases?search=kesh&category=All&sort=recent - IP: ::1","timestamp":"2026-07-01 08:39:24"}
{"level":"info","message":"[DEMO MODE] Auto-authenticated as dr.demo@isiqalo.co.za","timestamp":"2026-07-01 08:39:24"}
{"level":"info","message":"GET /api/cases?search=kes&category=All&sort=recent - IP: ::1","timestamp":"2026-07-01 08:39:24"}
{"level":"info","message":"[DEMO MODE] Auto-authenticated as dr.demo@isiqalo.co.za","timestamp":"2026-07-01 08:39:24"}
{"level":"info","message":"GET /api/cases?search=ke&category=All&sort=recent - IP: ::1","timestamp":"2026-07-01 08:39:25"}
{"level":"info","message":"[DEMO MODE] Auto-authenticated as dr.demo@isiqalo.co.za","timestamp":"2026-07-01 08:39:25"}
{"level":"info","message":"GET /api/cases?search=k&category=All&sort=recent - IP: ::1","timestamp":"2026-07-01 08:39:25"}
{"level":"info","message":"[DEMO MODE] Auto-authenticated as dr.demo@isiqalo.co.za","timestamp":"2026-07-01 08:39:25"}
{"level":"info","message":"GET /api/cases?search=&category=All&sort=recent - IP: ::1","timestamp":"2026-07-01 08:39:25"}
{"level":"info","message":"[DEMO MODE] Auto-authenticated as dr.demo@isiqalo.co.za","timestamp":"2026-07-01 08:39:25"}
{"level":"info","message":"GET /api/cases?search=f&category=All&sort=recent - IP: ::1","timestamp":"2026-07-01 08:39:26"}
{"level":"info","message":"[DEMO MODE] Auto-authenticated as dr.demo@isiqalo.co.za","timestamp":"2026-07-01 08:39:26"}
{"level":"info","message":"GET /api/cases?search=fu&category=All&sort=recent - IP: ::1","timestamp":"2026-07-01 08:39:26"}
{"level":"info","message":"[DEMO MODE] Auto-authenticated as dr.demo@isiqalo.co.za","timestamp":"2026-07-01 08:39:26"}
{"level":"info","message":"GET /api/cases?search=ful&category=All&sort=recent - IP: ::1","timestamp":"2026-07-01 08:39:27"}
{"level":"info","message":"[DEMO MODE] Auto-authenticated as dr.demo@isiqalo.co.za","timestamp":"2026-07-01 08:39:27"}
{"level":"info","message":"GET /api/cases?search=full&category=All&sort=recent - IP: ::1","timestamp":"2026-07-01 08:39:27"}
{"level":"info","message":"[DEMO MODE] Auto-authenticated as dr.demo@isiqalo.co.za","timestamp":"2026-07-01 08:39:27"}
{"level":"info","message":"GET /api/cases?search=ful&category=All&sort=recent - IP: ::1","timestamp":"2026-07-01 08:39:30"}
{"level":"info","message":"[DEMO MODE] Auto-authenticated as dr.demo@isiqalo.co.za","timestamp":"2026-07-01 08:39:30"}
{"level":"info","message":"GET /api/cases?search=fu&category=All&sort=recent - IP: ::1","timestamp":"2026-07-01 08:39:30"}
{"level":"info","message":"[DEMO MODE] Auto-authenticated as dr.demo@isiqalo.co.za","timestamp":"2026-07-01 08:39:30"}
{"level":"info","message":"GET /api/cases?search=f&category=All&sort=recent - IP: ::1","timestamp":"2026-07-01 08:39:30"}
{"level":"info","message":"[DEMO MODE] Auto-authenticated as dr.demo@isiqalo.co.za","timestamp":"2026-07-01 08:39:30"}
{"level":"info","message":"GET /api/cases?search=&category=All&sort=recent - IP: ::1","timestamp":"2026-07-01 08:39:30"}
{"level":"info","message":"[DEMO MODE] Auto-authenticated as dr.demo@isiqalo.co.za","timestamp":"2026-07-01 08:39:30"}
{"level":"info","message":"GET /api/cases - IP: ::1","timestamp":"2026-07-01 08:39:43"}
{"level":"info","message":"[DEMO MODE] Auto-authenticated as dr.demo@isiqalo.co.za","timestamp":"2026-07-01 08:39:43"}
{"level":"info","message":"GET /api/cases - IP: ::1","timestamp":"2026-07-01 08:39:43"}
{"level":"info","message":"[DEMO MODE] Auto-authenticated as dr.demo@isiqalo.co.za","timestamp":"2026-07-01 08:39:43"}
{"level":"info","message":"GET /api/extract/history - IP: ::1","timestamp":"2026-07-01 08:39:43"}
{"level":"info","message":"[DEMO MODE] Auto-authenticated as dr.demo@isiqalo.co.za","timestamp":"2026-07-01 08:39:43"}
{"level":"info","message":"GET /api/extract/history - IP: ::1","timestamp":"2026-07-01 08:39:43"}
{"level":"info","message":"[DEMO MODE] Auto-authenticated as dr.demo@isiqalo.co.za","timestamp":"2026-07-01 08:39:43"}
{"level":"info","message":"GET /api/cases?search=&category=All - IP: ::1","timestamp":"2026-07-01 08:40:40"}
{"level":"info","message":"[DEMO MODE] Auto-authenticated as dr.demo@isiqalo.co.za","timestamp":"2026-07-01 08:40:40"}
{"level":"info","message":"GET /api/cases?search=&category=All - IP: ::1","timestamp":"2026-07-01 08:40:40"}
{"level":"info","message":"[DEMO MODE] Auto-authenticated as dr.demo@isiqalo.co.za","timestamp":"2026-07-01 08:40:40"}
{"level":"info","message":"POST /api/extract - IP: ::1","timestamp":"2026-07-01 08:40:52"}
{"level":"info","message":"[DEMO MODE] Auto-authenticated as dr.demo@isiqalo.co.za","timestamp":"2026-07-01 08:40:52"}
{"level":"info","message":{"action":"DATA_EXTRACTION","details":"Extracted 1 records in JSON format.","event":"SECURITY_AUDIT","ipAddress":"::1","timestamp":"2026-07-01T06:40:52.850Z","userAgent":"Mozilla/5.0 (Windows NT 10.0; Win64; x64) AppleWebKit/537.36 (KHTML, like Gecko) Chrome/149.0.0.0 Safari/537.36","userId":"demo-practitioner-001"},"timestamp":"2026-07-01 08:40:52"}
{"level":"info","message":"GET /api/cases?search=&category=All&sort=recent - IP: ::1","timestamp":"2026-07-01 08:41:29"}
{"level":"info","message":"[DEMO MODE] Auto-authenticated as dr.demo@isiqalo.co.za","timestamp":"2026-07-01 08:41:29"}
{"level":"info","message":"GET /api/cases?search=&category=All&sort=recent - IP: ::1","timestamp":"2026-07-01 08:41:29"}
{"level":"info","message":"[DEMO MODE] Auto-authenticated as dr.demo@isiqalo.co.za","timestamp":"2026-07-01 08:41:29"}
{"level":"info","message":"GET /api/cases - IP: ::1","timestamp":"2026-07-01 08:41:32"}
{"level":"info","message":"[DEMO MODE] Auto-authenticated as dr.demo@isiqalo.co.za","timestamp":"2026-07-01 08:41:32"}
{"level":"info","message":"GET /api/cases - IP: ::1","timestamp":"2026-07-01 08:41:32"}
{"level":"info","message":"[DEMO MODE] Auto-authenticated as dr.demo@isiqalo.co.za","timestamp":"2026-07-01 08:41:32"}
{"level":"info","message":"GET /api/extract/history - IP: ::1","timestamp":"2026-07-01 08:41:32"}
{"level":"info","message":"[DEMO MODE] Auto-authenticated as dr.demo@isiqalo.co.za","timestamp":"2026-07-01 08:41:32"}
{"level":"info","message":"GET /api/extract/history - IP: ::1","timestamp":"2026-07-01 08:41:32"}
{"level":"info","message":"[DEMO MODE] Auto-authenticated as dr.demo@isiqalo.co.za","timestamp":"2026-07-01 08:41:32"}
{"level":"info","message":"GET /api/cases?search=&category=All&sort=recent - IP: ::1","timestamp":"2026-07-01 08:43:42"}
{"level":"info","message":"[DEMO MODE] Auto-authenticated as dr.demo@isiqalo.co.za","timestamp":"2026-07-01 08:43:42"}
{"level":"info","message":"GET /api/cases?search=&category=All&sort=recent - IP: ::1","timestamp":"2026-07-01 08:43:42"}
{"level":"info","message":"[DEMO MODE] Auto-authenticated as dr.demo@isiqalo.co.za","timestamp":"2026-07-01 08:43:42"}
{"level":"info","message":"GET /api/cases/case-9feeed8c - IP: ::1","timestamp":"2026-07-01 08:43:53"}
{"level":"info","message":"[DEMO MODE] Auto-authenticated as dr.demo@isiqalo.co.za","timestamp":"2026-07-01 08:43:53"}
{"level":"info","message":"GET /api/cases - IP: ::1","timestamp":"2026-07-01 08:44:31"}
{"level":"info","message":"[DEMO MODE] Auto-authenticated as dr.demo@isiqalo.co.za","timestamp":"2026-07-01 08:44:31"}
{"level":"info","message":"GET /api/cases - IP: ::1","timestamp":"2026-07-01 08:44:31"}
{"level":"info","message":"[DEMO MODE] Auto-authenticated as dr.demo@isiqalo.co.za","timestamp":"2026-07-01 08:44:31"}
{"level":"info","message":"GET /api/extract/history - IP: ::1","timestamp":"2026-07-01 08:44:31"}
{"level":"info","message":"[DEMO MODE] Auto-authenticated as dr.demo@isiqalo.co.za","timestamp":"2026-07-01 08:44:31"}
{"level":"info","message":"GET /api/extract/history - IP: ::1","timestamp":"2026-07-01 08:44:32"}
{"level":"info","message":"[DEMO MODE] Auto-authenticated as dr.demo@isiqalo.co.za","timestamp":"2026-07-01 08:44:32"}
{"level":"info","message":"GET /api/cases?search=&category=All&sort=recent - IP: ::1","timestamp":"2026-07-01 08:44:41"}
{"level":"info","message":"[DEMO MODE] Auto-authenticated as dr.demo@isiqalo.co.za","timestamp":"2026-07-01 08:44:41"}
{"level":"info","message":"GET /api/cases?search=&category=All&sort=recent - IP: ::1","timestamp":"2026-07-01 08:44:41"}
{"level":"info","message":"[DEMO MODE] Auto-authenticated as dr.demo@isiqalo.co.za","timestamp":"2026-07-01 08:44:41"}
{"level":"info","message":"GET /api/cases - IP: ::1","timestamp":"2026-07-01 08:45:51"}
{"level":"info","message":"[DEMO MODE] Auto-authenticated as dr.demo@isiqalo.co.za","timestamp":"2026-07-01 08:45:51"}
{"level":"info","message":"GET /api/cases - IP: ::1","timestamp":"2026-07-01 08:45:51"}
{"level":"info","message":"[DEMO MODE] Auto-authenticated as dr.demo@isiqalo.co.za","timestamp":"2026-07-01 08:45:51"}
{"level":"info","message":"GET /api/extract/history - IP: ::1","timestamp":"2026-07-01 08:45:51"}
{"level":"info","message":"[DEMO MODE] Auto-authenticated as dr.demo@isiqalo.co.za","timestamp":"2026-07-01 08:45:51"}
{"level":"info","message":"GET /api/extract/history - IP: ::1","timestamp":"2026-07-01 08:45:51"}
{"level":"info","message":"[DEMO MODE] Auto-authenticated as dr.demo@isiqalo.co.za","timestamp":"2026-07-01 08:45:51"}
{"level":"info","message":"GET /api/settings/audit-logs - IP: ::1","timestamp":"2026-07-01 08:46:10"}
{"level":"info","message":"[DEMO MODE] Auto-authenticated as dr.demo@isiqalo.co.za","timestamp":"2026-07-01 08:46:10"}
{"level":"info","message":"GET /api/cases - IP: ::1","timestamp":"2026-07-01 08:46:21"}
{"level":"info","message":"[DEMO MODE] Auto-authenticated as dr.demo@isiqalo.co.za","timestamp":"2026-07-01 08:46:21"}
{"level":"info","message":"GET /api/cases - IP: ::1","timestamp":"2026-07-01 08:46:21"}
{"level":"info","message":"[DEMO MODE] Auto-authenticated as dr.demo@isiqalo.co.za","timestamp":"2026-07-01 08:46:21"}
{"level":"info","message":"GET /api/extract/history - IP: ::1","timestamp":"2026-07-01 08:46:21"}
{"level":"info","message":"[DEMO MODE] Auto-authenticated as dr.demo@isiqalo.co.za","timestamp":"2026-07-01 08:46:21"}
{"level":"info","message":"GET /api/extract/history - IP: ::1","timestamp":"2026-07-01 08:46:21"}
{"level":"info","message":"[DEMO MODE] Auto-authenticated as dr.demo@isiqalo.co.za","timestamp":"2026-07-01 08:46:21"}
{"level":"info","message":"GET /api/cases - IP: ::1","timestamp":"2026-07-01 11:11:05"}
{"level":"info","message":"[DEMO MODE] Auto-authenticated as dr.demo@isiqalo.co.za","timestamp":"2026-07-01 11:11:05"}
{"level":"info","message":"GET /api/cases - IP: ::1","timestamp":"2026-07-01 11:11:05"}
{"level":"info","message":"[DEMO MODE] Auto-authenticated as dr.demo@isiqalo.co.za","timestamp":"2026-07-01 11:11:05"}
{"level":"info","message":"GET /api/extract/history - IP: ::1","timestamp":"2026-07-01 11:11:05"}
{"level":"info","message":"[DEMO MODE] Auto-authenticated as dr.demo@isiqalo.co.za","timestamp":"2026-07-01 11:11:05"}
{"level":"info","message":"GET /api/extract/history - IP: ::1","timestamp":"2026-07-01 11:11:05"}
{"level":"info","message":"[DEMO MODE] Auto-authenticated as dr.demo@isiqalo.co.za","timestamp":"2026-07-01 11:11:05"}
{"level":"info","message":"GET /api/cases - IP: ::1","timestamp":"2026-07-01 11:13:42"}
{"level":"info","message":"[DEMO MODE] Auto-authenticated as dr.demo@isiqalo.co.za","timestamp":"2026-07-01 11:13:42"}
{"level":"info","message":"GET /api/cases - IP: ::1","timestamp":"2026-07-01 11:13:42"}
{"level":"info","message":"[DEMO MODE] Auto-authenticated as dr.demo@isiqalo.co.za","timestamp":"2026-07-01 11:13:42"}
{"level":"info","message":"GET /api/extract/history - IP: ::1","timestamp":"2026-07-01 11:13:42"}
{"level":"info","message":"[DEMO MODE] Auto-authenticated as dr.demo@isiqalo.co.za","timestamp":"2026-07-01 11:13:42"}
{"level":"info","message":"GET /api/extract/history - IP: ::1","timestamp":"2026-07-01 11:13:42"}
{"level":"info","message":"[DEMO MODE] Auto-authenticated as dr.demo@isiqalo.co.za","timestamp":"2026-07-01 11:13:42"}
{"level":"info","message":"GET /api/cases?search=&category=All - IP: ::1","timestamp":"2026-07-01 11:15:35"}
{"level":"info","message":"[DEMO MODE] Auto-authenticated as dr.demo@isiqalo.co.za","timestamp":"2026-07-01 11:15:35"}
{"level":"info","message":"GET /api/cases?search=&category=All - IP: ::1","timestamp":"2026-07-01 11:15:35"}
{"level":"info","message":"[DEMO MODE] Auto-authenticated as dr.demo@isiqalo.co.za","timestamp":"2026-07-01 11:15:35"}
{"level":"info","message":"GET /api/cases - IP: ::1","timestamp":"2026-07-01 11:18:11"}
{"level":"info","message":"[DEMO MODE] Auto-authenticated as dr.demo@isiqalo.co.za","timestamp":"2026-07-01 11:18:11"}
{"level":"info","message":"GET /api/cases - IP: ::1","timestamp":"2026-07-01 11:18:11"}
{"level":"info","message":"[DEMO MODE] Auto-authenticated as dr.demo@isiqalo.co.za","timestamp":"2026-07-01 11:18:11"}
{"level":"info","message":"GET /api/extract/history - IP: ::1","timestamp":"2026-07-01 11:18:11"}
{"level":"info","message":"[DEMO MODE] Auto-authenticated as dr.demo@isiqalo.co.za","timestamp":"2026-07-01 11:18:11"}
{"level":"info","message":"GET /api/extract/history - IP: ::1","timestamp":"2026-07-01 11:18:11"}
{"level":"info","message":"[DEMO MODE] Auto-authenticated as dr.demo@isiqalo.co.za","timestamp":"2026-07-01 11:18:11"}
{"level":"info","message":"GET /api/cases?search=&category=All - IP: ::1","timestamp":"2026-07-01 11:21:13"}
{"level":"info","message":"[DEMO MODE] Auto-authenticated as dr.demo@isiqalo.co.za","timestamp":"2026-07-01 11:21:13"}
{"level":"info","message":"GET /api/cases?search=&category=All - IP: ::1","timestamp":"2026-07-01 11:21:13"}
{"level":"info","message":"[DEMO MODE] Auto-authenticated as dr.demo@isiqalo.co.za","timestamp":"2026-07-01 11:21:13"}
{"level":"info","message":"GET /api/cases?search=&category=All&sort=recent - IP: ::1","timestamp":"2026-07-01 11:21:19"}
{"level":"info","message":"[DEMO MODE] Auto-authenticated as dr.demo@isiqalo.co.za","timestamp":"2026-07-01 11:21:19"}
{"level":"info","message":"GET /api/cases?search=&category=All&sort=recent - IP: ::1","timestamp":"2026-07-01 11:21:19"}
{"level":"info","message":"[DEMO MODE] Auto-authenticated as dr.demo@isiqalo.co.za","timestamp":"2026-07-01 11:21:19"}
{"level":"info","message":"GET /api/cases - IP: ::1","timestamp":"2026-07-01 15:53:36"}
{"level":"info","message":"[DEMO MODE] Auto-authenticated as dr.demo@isiqalo.co.za","timestamp":"2026-07-01 15:53:36"}
{"level":"info","message":"GET /api/cases - IP: ::1","timestamp":"2026-07-01 15:53:36"}
{"level":"info","message":"[DEMO MODE] Auto-authenticated as dr.demo@isiqalo.co.za","timestamp":"2026-07-01 15:53:36"}
{"level":"info","message":"GET /api/extract/history - IP: ::1","timestamp":"2026-07-01 15:53:36"}
{"level":"info","message":"[DEMO MODE] Auto-authenticated as dr.demo@isiqalo.co.za","timestamp":"2026-07-01 15:53:36"}
{"level":"info","message":"GET /api/extract/history - IP: ::1","timestamp":"2026-07-01 15:53:36"}
{"level":"info","message":"[DEMO MODE] Auto-authenticated as dr.demo@isiqalo.co.za","timestamp":"2026-07-01 15:53:36"}
{"level":"info","message":"GET /api/cases - IP: ::1","timestamp":"2026-07-01 15:55:41"}
{"level":"info","message":"[DEMO MODE] Auto-authenticated as dr.demo@isiqalo.co.za","timestamp":"2026-07-01 15:55:41"}
{"level":"info","message":"GET /api/cases - IP: ::1","timestamp":"2026-07-01 15:55:41"}
{"level":"info","message":"[DEMO MODE] Auto-authenticated as dr.demo@isiqalo.co.za","timestamp":"2026-07-01 15:55:41"}
{"level":"info","message":"GET /api/extract/history - IP: ::1","timestamp":"2026-07-01 15:55:41"}
{"level":"info","message":"[DEMO MODE] Auto-authenticated as dr.demo@isiqalo.co.za","timestamp":"2026-07-01 15:55:41"}
{"level":"info","message":"GET /api/extract/history - IP: ::1","timestamp":"2026-07-01 15:55:41"}
{"level":"info","message":"[DEMO MODE] Auto-authenticated as dr.demo@isiqalo.co.za","timestamp":"2026-07-01 15:55:41"}
{"level":"info","message":"GET /api/cases - IP: ::1","timestamp":"2026-07-01 16:17:32"}
{"level":"info","message":"[DEMO MODE] Auto-authenticated as dr.demo@isiqalo.co.za","timestamp":"2026-07-01 16:17:32"}
{"level":"info","message":"GET /api/cases - IP: ::1","timestamp":"2026-07-01 16:17:32"}
{"level":"info","message":"[DEMO MODE] Auto-authenticated as dr.demo@isiqalo.co.za","timestamp":"2026-07-01 16:17:32"}
{"level":"info","message":"GET /api/extract/history - IP: ::1","timestamp":"2026-07-01 16:17:32"}
{"level":"info","message":"[DEMO MODE] Auto-authenticated as dr.demo@isiqalo.co.za","timestamp":"2026-07-01 16:17:32"}
{"level":"info","message":"GET /api/extract/history - IP: ::1","timestamp":"2026-07-01 16:17:32"}
{"level":"info","message":"[DEMO MODE] Auto-authenticated as dr.demo@isiqalo.co.za","timestamp":"2026-07-01 16:17:32"}
{"level":"warn","message":"Encryption key was not 32 bytes. Derived a 32-byte key using SHA-256.","timestamp":"2026-07-01 16:32:33"}
{"level":"info","message":"Serving static files from C:\\Users\\CADCAM\\.antigravity-ide\\ISIQALO MED\\frontend\\dist","timestamp":"2026-07-01 16:32:33"}
{"level":"info","message":"Server successfully running on port 5000","timestamp":"2026-07-01 16:32:33"}
{"code":"ESOCKET","level":"error","message":"Failed to connect to MSSQL database: Failed to connect to localhost:1433 - Could not connect (sequence)","name":"ConnectionError","originalError":{"code":"ESOCKET"},"stack":"ConnectionError: Failed to connect to localhost:1433 - Could not connect (sequence)\n    at connectListener (C:\\Users\\CADCAM\\.antigravity-ide\\ISIQALO MED\\backend\\node_modules\\mssql\\lib\\tedious\\connection-pool.js:86:17)\n    at Connection.onConnect (C:\\Users\\CADCAM\\.antigravity-ide\\ISIQALO MED\\backend\\node_modules\\tedious\\src\\connection.ts:1823:9)\n    at Object.onceWrapper (node:events:631:26)\n    at Connection.emit (node:events:509:28)\n    at Connection.emit (node:domain:489:12)\n    at Connection.emit (C:\\Users\\CADCAM\\.antigravity-ide\\ISIQALO MED\\backend\\node_modules\\tedious\\src\\connection.ts:1985:18)\n    at C:\\Users\\CADCAM\\.antigravity-ide\\ISIQALO MED\\backend\\node_modules\\tedious\\src\\connection.ts:1845:14\n    at processTicksAndRejections (node:internal/process/task_queues:85:11)","timestamp":"2026-07-01 16:32:33"}
{"level":"warn","message":"Encryption key was not 32 bytes. Derived a 32-byte key using SHA-256.","timestamp":"2026-07-01 16:32:50"}
{"level":"info","message":"Serving static files from C:\\Users\\CADCAM\\.antigravity-ide\\ISIQALO MED\\frontend\\dist","timestamp":"2026-07-01 16:32:50"}
{"level":"info","message":"Server successfully running on port 5000","timestamp":"2026-07-01 16:32:50"}
{"code":"ESOCKET","level":"error","message":"Failed to connect to MSSQL database: Failed to connect to localhost:1433 - Could not connect (sequence)","name":"ConnectionError","originalError":{"code":"ESOCKET"},"stack":"ConnectionError: Failed to connect to localhost:1433 - Could not connect (sequence)\n    at connectListener (C:\\Users\\CADCAM\\.antigravity-ide\\ISIQALO MED\\backend\\node_modules\\mssql\\lib\\tedious\\connection-pool.js:86:17)\n    at Connection.onConnect (C:\\Users\\CADCAM\\.antigravity-ide\\ISIQALO MED\\backend\\node_modules\\tedious\\src\\connection.ts:1823:9)\n    at Object.onceWrapper (node:events:631:26)\n    at Connection.emit (node:events:509:28)\n    at Connection.emit (node:domain:489:12)\n    at Connection.emit (C:\\Users\\CADCAM\\.antigravity-ide\\ISIQALO MED\\backend\\node_modules\\tedious\\src\\connection.ts:1985:18)\n    at C:\\Users\\CADCAM\\.antigravity-ide\\ISIQALO MED\\backend\\node_modules\\tedious\\src\\connection.ts:1845:14\n    at processTicksAndRejections (node:internal/process/task_queues:85:11)","timestamp":"2026-07-01 16:32:51"}
{"level":"warn","message":"Encryption key was not 32 bytes. Derived a 32-byte key using SHA-256.","timestamp":"2026-07-01 16:33:09"}
{"code":"ESOCKET","level":"error","message":"Failed to connect to MSSQL database: Failed to connect to localhost:1433 - Could not connect (sequence)","name":"ConnectionError","originalError":{"code":"ESOCKET"},"stack":"ConnectionError: Failed to connect to localhost:1433 - Could not connect (sequence)\n    at connectListener (C:\\Users\\CADCAM\\.antigravity-ide\\ISIQALO MED\\backend\\node_modules\\mssql\\lib\\tedious\\connection-pool.js:86:17)\n    at Connection.onConnect (C:\\Users\\CADCAM\\.antigravity-ide\\ISIQALO MED\\backend\\node_modules\\tedious\\src\\connection.ts:1823:9)\n    at Object.onceWrapper (node:events:631:26)\n    at Connection.emit (node:events:509:28)\n    at Connection.emit (node:domain:489:12)\n    at Connection.emit (C:\\Users\\CADCAM\\.antigravity-ide\\ISIQALO MED\\backend\\node_modules\\tedious\\src\\connection.ts:1985:18)\n    at C:\\Users\\CADCAM\\.antigravity-ide\\ISIQALO MED\\backend\\node_modules\\tedious\\src\\connection.ts:1845:14\n    at processTicksAndRejections (node:internal/process/task_queues:85:11)","timestamp":"2026-07-01 16:33:09"}
{"level":"warn","message":"Encryption key was not 32 bytes. Derived a 32-byte key using SHA-256.","timestamp":"2026-07-01 16:36:19"}
{"code":"ESOCKET","level":"error","message":"Failed to connect to MSSQL database: Failed to connect to localhost:1433 - Could not connect (sequence)","name":"ConnectionError","originalError":{"code":"ESOCKET"},"stack":"ConnectionError: Failed to connect to localhost:1433 - Could not connect (sequence)\n    at connectListener (C:\\Users\\CADCAM\\.antigravity-ide\\ISIQALO MED\\backend\\node_modules\\mssql\\lib\\tedious\\connection-pool.js:86:17)\n    at Connection.onConnect (C:\\Users\\CADCAM\\.antigravity-ide\\ISIQALO MED\\backend\\node_modules\\tedious\\src\\connection.ts:1823:9)\n    at Object.onceWrapper (node:events:631:26)\n    at Connection.emit (node:events:509:28)\n    at Connection.emit (node:domain:489:12)\n    at Connection.emit (C:\\Users\\CADCAM\\.antigravity-ide\\ISIQALO MED\\backend\\node_modules\\tedious\\src\\connection.ts:1985:18)\n    at C:\\Users\\CADCAM\\.antigravity-ide\\ISIQALO MED\\backend\\node_modules\\tedious\\src\\connection.ts:1845:14\n    at processTicksAndRejections (node:internal/process/task_queues:85:11)","timestamp":"2026-07-01 16:36:19"}
{"level":"warn","message":"Encryption key was not 32 bytes. Derived a 32-byte key using SHA-256.","timestamp":"2026-07-01 16:52:50"}
{"level":"info","message":"Serving static files from C:\\Users\\CADCAM\\.antigravity-ide\\ISIQALO MED\\frontend\\dist","timestamp":"2026-07-01 16:52:50"}
{"level":"info","message":"Server successfully running on port 5000","timestamp":"2026-07-01 16:52:50"}
{"code":"ESOCKET","level":"error","message":"Failed to connect to MSSQL database: Failed to connect to localhost:1433 - Could not connect (sequence)","name":"ConnectionError","originalError":{"code":"ESOCKET"},"stack":"ConnectionError: Failed to connect to localhost:1433 - Could not connect (sequence)\n    at connectListener (C:\\Users\\CADCAM\\.antigravity-ide\\ISIQALO MED\\backend\\node_modules\\mssql\\lib\\tedious\\connection-pool.js:86:17)\n    at Connection.onConnect (C:\\Users\\CADCAM\\.antigravity-ide\\ISIQALO MED\\backend\\node_modules\\tedious\\src\\connection.ts:1823:9)\n    at Object.onceWrapper (node:events:631:26)\n    at Connection.emit (node:events:509:28)\n    at Connection.emit (node:domain:489:12)\n    at Connection.emit (C:\\Users\\CADCAM\\.antigravity-ide\\ISIQALO MED\\backend\\node_modules\\tedious\\src\\connection.ts:1985:18)\n    at C:\\Users\\CADCAM\\.antigravity-ide\\ISIQALO MED\\backend\\node_modules\\tedious\\src\\connection.ts:1845:14\n    at processTicksAndRejections (node:internal/process/task_queues:85:11)","timestamp":"2026-07-01 16:52:50"}
{"level":"warn","message":"Encryption key was not 32 bytes. Derived a 32-byte key using SHA-256.","timestamp":"2026-07-01 16:53:28"}
{"level":"info","message":"Serving static files from C:\\Users\\CADCAM\\.antigravity-ide\\ISIQALO MED\\frontend\\dist","timestamp":"2026-07-01 16:53:28"}
{"level":"info","message":"Server successfully running on port 5000","timestamp":"2026-07-01 16:53:28"}
{"code":"ESOCKET","level":"error","message":"Failed to connect to MSSQL database: Failed to connect to localhost:1433 - Could not connect (sequence)","name":"ConnectionError","originalError":{"code":"ESOCKET"},"stack":"ConnectionError: Failed to connect to localhost:1433 - Could not connect (sequence)\n    at connectListener (C:\\Users\\CADCAM\\.antigravity-ide\\ISIQALO MED\\backend\\node_modules\\mssql\\lib\\tedious\\connection-pool.js:86:17)\n    at Connection.onConnect (C:\\Users\\CADCAM\\.antigravity-ide\\ISIQALO MED\\backend\\node_modules\\tedious\\src\\connection.ts:1823:9)\n    at Object.onceWrapper (node:events:631:26)\n    at Connection.emit (node:events:509:28)\n    at Connection.emit (node:domain:489:12)\n    at Connection.emit (C:\\Users\\CADCAM\\.antigravity-ide\\ISIQALO MED\\backend\\node_modules\\tedious\\src\\connection.ts:1985:18)\n    at C:\\Users\\CADCAM\\.antigravity-ide\\ISIQALO MED\\backend\\node_modules\\tedious\\src\\connection.ts:1845:14\n    at processTicksAndRejections (node:internal/process/task_queues:85:11)","timestamp":"2026-07-01 16:53:28"}
{"level":"info","message":"GET /api/cases - IP: ::1","timestamp":"2026-07-01 16:54:34"}
{"level":"info","message":"GET /api/cases - IP: ::1","timestamp":"2026-07-01 16:54:34"}
{"level":"warn","message":"Encryption key was not 32 bytes. Derived a 32-byte key using SHA-256.","timestamp":"2026-07-01 16:57:32"}
{"level":"info","message":"Serving static files from C:\\Users\\CADCAM\\.antigravity-ide\\ISIQALO MED\\frontend\\dist","timestamp":"2026-07-01 16:57:32"}
{"level":"info","message":"Server successfully running on port 5000","timestamp":"2026-07-01 16:57:32"}
{"code":"ESOCKET","level":"error","message":"Failed to connect to MSSQL database: Failed to connect to localhost:1433 - Could not connect (sequence)","name":"ConnectionError","originalError":{"code":"ESOCKET"},"stack":"ConnectionError: Failed to connect to localhost:1433 - Could not connect (sequence)\n    at connectListener (C:\\Users\\CADCAM\\.antigravity-ide\\ISIQALO MED\\backend\\node_modules\\mssql\\lib\\tedious\\connection-pool.js:86:17)\n    at Connection.onConnect (C:\\Users\\CADCAM\\.antigravity-ide\\ISIQALO MED\\backend\\node_modules\\tedious\\src\\connection.ts:1823:9)\n    at Object.onceWrapper (node:events:631:26)\n    at Connection.emit (node:events:509:28)\n    at Connection.emit (node:domain:489:12)\n    at Connection.emit (C:\\Users\\CADCAM\\.antigravity-ide\\ISIQALO MED\\backend\\node_modules\\tedious\\src\\connection.ts:1985:18)\n    at C:\\Users\\CADCAM\\.antigravity-ide\\ISIQALO MED\\backend\\node_modules\\tedious\\src\\connection.ts:1845:14\n    at processTicksAndRejections (node:internal/process/task_queues:85:11)","timestamp":"2026-07-01 16:57:32"}
{"level":"warn","message":"Encryption key was not 32 bytes. Derived a 32-byte key using SHA-256.","timestamp":"2026-07-01 17:04:35"}
{"level":"info","message":"Serving static files from C:\\Users\\CADCAM\\.antigravity-ide\\ISIQALO MED\\frontend\\dist","timestamp":"2026-07-01 17:04:35"}
{"level":"info","message":"Server successfully running on port 5000","timestamp":"2026-07-01 17:04:35"}
{"code":"ESOCKET","level":"error","message":"Failed to connect to MSSQL database: Failed to connect to localhost:1433 - Could not connect (sequence)","name":"ConnectionError","originalError":{"code":"ESOCKET"},"stack":"ConnectionError: Failed to connect to localhost:1433 - Could not connect (sequence)\n    at connectListener (C:\\Users\\CADCAM\\.antigravity-ide\\ISIQALO MED\\backend\\node_modules\\mssql\\lib\\tedious\\connection-pool.js:86:17)\n    at Connection.onConnect (C:\\Users\\CADCAM\\.antigravity-ide\\ISIQALO MED\\backend\\node_modules\\tedious\\src\\connection.ts:1823:9)\n    at Object.onceWrapper (node:events:631:26)\n    at Connection.emit (node:events:509:28)\n    at Connection.emit (node:domain:489:12)\n    at Connection.emit (C:\\Users\\CADCAM\\.antigravity-ide\\ISIQALO MED\\backend\\node_modules\\tedious\\src\\connection.ts:1985:18)\n    at C:\\Users\\CADCAM\\.antigravity-ide\\ISIQALO MED\\backend\\node_modules\\tedious\\src\\connection.ts:1845:14\n    at processTicksAndRejections (node:internal/process/task_queues:85:11)","timestamp":"2026-07-01 17:04:35"}
{"level":"info","message":"GET /api/cases - IP: ::1","timestamp":"2026-07-01 17:05:49"}
{"level":"info","message":"GET /api/cases - IP: ::1","timestamp":"2026-07-01 17:05:49"}
{"level":"info","message":"GET /api/facilities - IP: ::1","timestamp":"2026-07-01 17:05:51"}
{"level":"info","message":"[DEMO MODE] Auto-authenticated as dr.demo@isiqalo.co.za","timestamp":"2026-07-01 17:05:51"}
{"level":"error","message":"Database Error in dbAll: RequestError: No connection is specified for that request.","timestamp":"2026-07-01 17:05:51"}
{"level":"info","message":"GET /api/facilities - IP: ::1","timestamp":"2026-07-01 17:05:51"}
{"level":"info","message":"[DEMO MODE] Auto-authenticated as dr.demo@isiqalo.co.za","timestamp":"2026-07-01 17:05:51"}
{"level":"error","message":"Database Error in dbAll: RequestError: No connection is specified for that request.","timestamp":"2026-07-01 17:05:51"}
{"level":"info","message":"GET /api/patients - IP: ::1","timestamp":"2026-07-01 17:06:22"}
{"level":"info","message":"[DEMO MODE] Auto-authenticated as dr.demo@isiqalo.co.za","timestamp":"2026-07-01 17:06:22"}
{"level":"error","message":"Database Error in dbAll: RequestError: No connection is specified for that request.","timestamp":"2026-07-01 17:06:22"}
{"level":"info","message":"GET /api/patients - IP: ::1","timestamp":"2026-07-01 17:06:22"}
{"level":"info","message":"[DEMO MODE] Auto-authenticated as dr.demo@isiqalo.co.za","timestamp":"2026-07-01 17:06:22"}
{"level":"error","message":"Database Error in dbAll: RequestError: No connection is specified for that request.","timestamp":"2026-07-01 17:06:22"}
{"level":"info","message":"GET /api/facilities - IP: ::1","timestamp":"2026-07-01 17:07:41"}
{"level":"info","message":"[DEMO MODE] Auto-authenticated as dr.demo@isiqalo.co.za","timestamp":"2026-07-01 17:07:41"}
{"level":"error","message":"Database Error in dbAll: RequestError: No connection is specified for that request.","timestamp":"2026-07-01 17:07:41"}
{"level":"info","message":"GET /api/facilities - IP: ::1","timestamp":"2026-07-01 17:07:41"}
{"level":"info","message":"[DEMO MODE] Auto-authenticated as dr.demo@isiqalo.co.za","timestamp":"2026-07-01 17:07:41"}
{"level":"error","message":"Database Error in dbAll: RequestError: No connection is specified for that request.","timestamp":"2026-07-01 17:07:41"}
{"level":"info","message":"GET /api/cases - IP: ::1","timestamp":"2026-07-01 17:12:58"}
{"level":"info","message":"GET /api/cases - IP: ::1","timestamp":"2026-07-01 17:12:58"}
{"level":"warn","message":"Encryption key was not 32 bytes. Derived a 32-byte key using SHA-256.","timestamp":"2026-07-01 17:17:11"}
{"level":"info","message":"Serving static files from C:\\Users\\CADCAM\\.antigravity-ide\\ISIQALO MED\\frontend\\dist","timestamp":"2026-07-01 17:17:11"}
{"level":"info","message":"Server successfully running on port 5000","timestamp":"2026-07-01 17:17:11"}
{"code":"ESOCKET","level":"error","message":"Failed to connect to MSSQL database: Failed to connect to localhost:1433 - Could not connect (sequence)","name":"ConnectionError","originalError":{"code":"ESOCKET"},"stack":"ConnectionError: Failed to connect to localhost:1433 - Could not connect (sequence)\n    at connectListener (C:\\Users\\CADCAM\\.antigravity-ide\\ISIQALO MED\\backend\\node_modules\\mssql\\lib\\tedious\\connection-pool.js:86:17)\n    at Connection.onConnect (C:\\Users\\CADCAM\\.antigravity-ide\\ISIQALO MED\\backend\\node_modules\\tedious\\src\\connection.ts:1823:9)\n    at Object.onceWrapper (node:events:631:26)\n    at Connection.emit (node:events:509:28)\n    at Connection.emit (node:domain:489:12)\n    at Connection.emit (C:\\Users\\CADCAM\\.antigravity-ide\\ISIQALO MED\\backend\\node_modules\\tedious\\src\\connection.ts:1985:18)\n    at C:\\Users\\CADCAM\\.antigravity-ide\\ISIQALO MED\\backend\\node_modules\\tedious\\src\\connection.ts:1845:14\n    at processTicksAndRejections (node:internal/process/task_queues:85:11)","timestamp":"2026-07-01 17:17:11"}
{"level":"warn","message":"Encryption key was not 32 bytes. Derived a 32-byte key using SHA-256.","timestamp":"2026-07-01 17:17:40"}
{"level":"info","message":"Serving static files from C:\\Users\\CADCAM\\.antigravity-ide\\ISIQALO MED\\frontend\\dist","timestamp":"2026-07-01 17:17:40"}
{"level":"info","message":"Server successfully running on port 5000","timestamp":"2026-07-01 17:17:40"}
{"code":"ESOCKET","level":"error","message":"Failed to connect to MSSQL database: Failed to connect to localhost:1433 - Could not connect (sequence)","name":"ConnectionError","originalError":{"code":"ESOCKET"},"stack":"ConnectionError: Failed to connect to localhost:1433 - Could not connect (sequence)\n    at connectListener (C:\\Users\\CADCAM\\.antigravity-ide\\ISIQALO MED\\backend\\node_modules\\mssql\\lib\\tedious\\connection-pool.js:86:17)\n    at Connection.onConnect (C:\\Users\\CADCAM\\.antigravity-ide\\ISIQALO MED\\backend\\node_modules\\tedious\\src\\connection.ts:1823:9)\n    at Object.onceWrapper (node:events:631:26)\n    at Connection.emit (node:events:509:28)\n    at Connection.emit (node:domain:489:12)\n    at Connection.emit (C:\\Users\\CADCAM\\.antigravity-ide\\ISIQALO MED\\backend\\node_modules\\tedious\\src\\connection.ts:1985:18)\n    at C:\\Users\\CADCAM\\.antigravity-ide\\ISIQALO MED\\backend\\node_modules\\tedious\\src\\connection.ts:1845:14\n    at processTicksAndRejections (node:internal/process/task_queues:85:11)","timestamp":"2026-07-01 17:17:40"}
{"level":"info","message":"GET /api/cases - IP: ::1","timestamp":"2026-07-01 17:19:43"}
{"level":"info","message":"GET /api/cases - IP: ::1","timestamp":"2026-07-01 17:19:43"}
{"level":"warn","message":"Encryption key was not 32 bytes. Derived a 32-byte key using SHA-256.","timestamp":"2026-07-02 11:52:28"}
{"level":"info","message":"Serving static files from C:\\Users\\CADCAM\\.antigravity-ide\\ISIQALO MED\\frontend\\dist","timestamp":"2026-07-02 11:52:28"}
{"level":"info","message":"Server successfully running on port 5000","timestamp":"2026-07-02 11:52:28"}
{"code":"ESOCKET","level":"error","message":"Failed to connect to MSSQL database: Failed to connect to localhost:1433 - Could not connect (sequence)","name":"ConnectionError","originalError":{"code":"ESOCKET"},"stack":"ConnectionError: Failed to connect to localhost:1433 - Could not connect (sequence)\n    at connectListener (C:\\Users\\CADCAM\\.antigravity-ide\\ISIQALO MED\\backend\\node_modules\\mssql\\lib\\tedious\\connection-pool.js:86:17)\n    at Connection.onConnect (C:\\Users\\CADCAM\\.antigravity-ide\\ISIQALO MED\\backend\\node_modules\\tedious\\src\\connection.ts:1823:9)\n    at Object.onceWrapper (node:events:631:26)\n    at Connection.emit (node:events:509:28)\n    at Connection.emit (node:domain:489:12)\n    at Connection.emit (C:\\Users\\CADCAM\\.antigravity-ide\\ISIQALO MED\\backend\\node_modules\\tedious\\src\\connection.ts:1985:18)\n    at C:\\Users\\CADCAM\\.antigravity-ide\\ISIQALO MED\\backend\\node_modules\\tedious\\src\\connection.ts:1845:14\n    at processTicksAndRejections (node:internal/process/task_queues:85:11)","timestamp":"2026-07-02 11:52:28"}
{"level":"info","message":"GET /api/cases - IP: ::1","timestamp":"2026-07-02 11:53:00"}
{"level":"info","message":"GET /api/cases - IP: ::1","timestamp":"2026-07-02 11:53:00"}
{"level":"warn","message":"Encryption key was not 32 bytes. Derived a 32-byte key using SHA-256.","timestamp":"2026-07-02 11:59:19"}
{"level":"info","message":"Serving static files from C:\\Users\\CADCAM\\.antigravity-ide\\ISIQALO MED\\frontend\\dist","timestamp":"2026-07-02 11:59:19"}
{"level":"info","message":"Server successfully running on port 5000","timestamp":"2026-07-02 11:59:19"}
{"code":"ESOCKET","level":"error","message":"Failed to connect to MSSQL database: Failed to connect to localhost:1433 - Could not connect (sequence)","name":"ConnectionError","originalError":{"code":"ESOCKET"},"stack":"ConnectionError: Failed to connect to localhost:1433 - Could not connect (sequence)\n    at connectListener (C:\\Users\\CADCAM\\.antigravity-ide\\ISIQALO MED\\backend\\node_modules\\mssql\\lib\\tedious\\connection-pool.js:86:17)\n    at Connection.onConnect (C:\\Users\\CADCAM\\.antigravity-ide\\ISIQALO MED\\backend\\node_modules\\tedious\\src\\connection.ts:1823:9)\n    at Object.onceWrapper (node:events:631:26)\n    at Connection.emit (node:events:509:28)\n    at Connection.emit (node:domain:489:12)\n    at Connection.emit (C:\\Users\\CADCAM\\.antigravity-ide\\ISIQALO MED\\backend\\node_modules\\tedious\\src\\connection.ts:1985:18)\n    at C:\\Users\\CADCAM\\.antigravity-ide\\ISIQALO MED\\backend\\node_modules\\tedious\\src\\connection.ts:1845:14\n    at processTicksAndRejections (node:internal/process/task_queues:85:11)","timestamp":"2026-07-02 11:59:19"}
{"level":"info","message":"GET /api/cases - IP: ::1","timestamp":"2026-07-02 12:10:58"}
{"level":"info","message":"GET /api/cases - IP: ::1","timestamp":"2026-07-02 12:10:58"}
{"level":"info","message":"POST /api/patients - IP: ::1","timestamp":"2026-07-02 12:27:24"}
{"level":"info","message":"[DEMO MODE] Auto-authenticated as dr.demo@isiqalo.co.za","timestamp":"2026-07-02 12:27:24"}
{"level":"error","message":"Database Error in dbRun: RequestError: No connection is specified for that request.","timestamp":"2026-07-02 12:27:24"}
{"level":"info","message":"POST /api/patients - IP: ::1","timestamp":"2026-07-02 12:27:25"}
{"level":"info","message":"[DEMO MODE] Auto-authenticated as dr.demo@isiqalo.co.za","timestamp":"2026-07-02 12:27:25"}
{"level":"error","message":"Database Error in dbRun: RequestError: No connection is specified for that request.","timestamp":"2026-07-02 12:27:25"}
{"level":"info","message":"POST /api/patients - IP: ::1","timestamp":"2026-07-02 12:27:26"}
{"level":"info","message":"[DEMO MODE] Auto-authenticated as dr.demo@isiqalo.co.za","timestamp":"2026-07-02 12:27:26"}
{"level":"error","message":"Database Error in dbRun: RequestError: No connection is specified for that request.","timestamp":"2026-07-02 12:27:26"}
{"level":"warn","message":"Encryption key was not 32 bytes. Derived a 32-byte key using SHA-256.","timestamp":"2026-07-02 12:30:44"}
{"level":"info","message":"Serving static files from C:\\Users\\CADCAM\\.antigravity-ide\\ISIQALO MED\\frontend\\dist","timestamp":"2026-07-02 12:30:44"}
{"level":"info","message":"Server successfully running on port 5000","timestamp":"2026-07-02 12:30:44"}
{"level":"info","message":"Connected to SQLite database at C:\\Users\\CADCAM\\.antigravity-ide\\ISIQALO MED\\backend\\data\\database.sqlite","timestamp":"2026-07-02 12:30:44"}
{"level":"info","message":"Database tables initialized successfully from isiqalo.sql","timestamp":"2026-07-02 12:30:44"}
{"level":"warn","message":"Encryption key was not 32 bytes. Derived a 32-byte key using SHA-256.","timestamp":"2026-07-02 12:31:06"}
{"level":"info","message":"Serving static files from C:\\Users\\CADCAM\\.antigravity-ide\\ISIQALO MED\\frontend\\dist","timestamp":"2026-07-02 12:31:07"}
{"level":"info","message":"Server successfully running on port 5000","timestamp":"2026-07-02 12:31:07"}
{"level":"info","message":"Connected to SQLite database at C:\\Users\\CADCAM\\.antigravity-ide\\ISIQALO MED\\backend\\data\\database.sqlite","timestamp":"2026-07-02 12:31:07"}
{"level":"info","message":"Database tables initialized successfully from isiqalo.sql","timestamp":"2026-07-02 12:31:07"}
{"level":"info","message":"GET /api/cases - IP: ::1","timestamp":"2026-07-02 12:32:17"}
{"level":"info","message":"GET /api/cases - IP: ::1","timestamp":"2026-07-02 12:32:17"}
{"level":"info","message":"POST /api/patients - IP: ::1","timestamp":"2026-07-02 12:36:20"}
{"level":"info","message":"[DEMO MODE] Auto-authenticated as dr.demo@isiqalo.co.za","timestamp":"2026-07-02 12:36:20"}
{"level":"info","message":{"action":"PATIENT_CREATED","details":"Patient created: pat-7bd3044e","event":"SECURITY_AUDIT","ipAddress":"::1","timestamp":"2026-07-02T10:36:20.789Z","userAgent":"Mozilla/5.0 (Windows NT 10.0; Win64; x64) AppleWebKit/537.36 (KHTML, like Gecko) Chrome/149.0.0.0 Safari/537.36","userId":"demo-practitioner-001"},"timestamp":"2026-07-02 12:36:20"}
{"level":"info","message":"POST /api/patients/pat-7bd3044e/documents - IP: ::1","timestamp":"2026-07-02 12:36:20"}
{"level":"info","message":"[DEMO MODE] Auto-authenticated as dr.demo@isiqalo.co.za","timestamp":"2026-07-02 12:36:20"}
{"level":"info","message":"POST /api/patients - IP: ::1","timestamp":"2026-07-02 12:36:21"}
{"level":"info","message":"[DEMO MODE] Auto-authenticated as dr.demo@isiqalo.co.za","timestamp":"2026-07-02 12:36:21"}
{"level":"info","message":{"action":"PATIENT_CREATED","details":"Patient created: pat-66aba54e","event":"SECURITY_AUDIT","ipAddress":"::1","timestamp":"2026-07-02T10:36:21.954Z","userAgent":"Mozilla/5.0 (Windows NT 10.0; Win64; x64) AppleWebKit/537.36 (KHTML, like Gecko) Chrome/149.0.0.0 Safari/537.36","userId":"demo-practitioner-001"},"timestamp":"2026-07-02 12:36:21"}
{"level":"info","message":"POST /api/patients/pat-66aba54e/documents - IP: ::1","timestamp":"2026-07-02 12:36:21"}
{"level":"info","message":"[DEMO MODE] Auto-authenticated as dr.demo@isiqalo.co.za","timestamp":"2026-07-02 12:36:21"}
{"level":"info","message":"POST /api/patients - IP: ::1","timestamp":"2026-07-02 12:36:55"}
{"level":"info","message":"[DEMO MODE] Auto-authenticated as dr.demo@isiqalo.co.za","timestamp":"2026-07-02 12:36:55"}
{"level":"info","message":{"action":"PATIENT_CREATED","details":"Patient created: pat-1402764c","event":"SECURITY_AUDIT","ipAddress":"::1","timestamp":"2026-07-02T10:36:55.463Z","userAgent":"Mozilla/5.0 (Windows NT 10.0; Win64; x64) AppleWebKit/537.36 (KHTML, like Gecko) Chrome/149.0.0.0 Safari/537.36","userId":"demo-practitioner-001"},"timestamp":"2026-07-02 12:36:55"}
{"level":"info","message":"POST /api/patients/pat-1402764c/documents - IP: ::1","timestamp":"2026-07-02 12:36:55"}
{"level":"info","message":"[DEMO MODE] Auto-authenticated as dr.demo@isiqalo.co.za","timestamp":"2026-07-02 12:36:55"}
{"level":"warn","message":"Encryption key was not 32 bytes. Derived a 32-byte key using SHA-256.","timestamp":"2026-07-02 12:38:27"}
{"level":"info","message":"Serving static files from C:\\Users\\CADCAM\\.antigravity-ide\\ISIQALO MED\\frontend\\dist","timestamp":"2026-07-02 12:38:27"}
{"level":"info","message":"Server successfully running on port 5000","timestamp":"2026-07-02 12:38:27"}
{"level":"info","message":"Connected to SQLite database at C:\\Users\\CADCAM\\.antigravity-ide\\ISIQALO MED\\backend\\data\\database.sqlite","timestamp":"2026-07-02 12:38:27"}
{"level":"info","message":"Database tables initialized successfully from isiqalo.sql","timestamp":"2026-07-02 12:38:27"}
{"level":"info","message":"GET /api/cases - IP: ::1","timestamp":"2026-07-02 12:39:53"}
{"level":"info","message":"GET /api/cases - IP: ::1","timestamp":"2026-07-02 12:39:53"}
{"level":"info","message":"POST /api/patients - IP: ::1","timestamp":"2026-07-02 12:42:14"}
{"level":"info","message":"[DEMO MODE] Auto-authenticated as dr.demo@isiqalo.co.za","timestamp":"2026-07-02 12:42:14"}
{"level":"info","message":{"action":"PATIENT_CREATED","details":"Patient created: pat-10952a19","event":"SECURITY_AUDIT","ipAddress":"::1","timestamp":"2026-07-02T10:42:14.082Z","userAgent":"Mozilla/5.0 (Windows NT 10.0; Win64; x64) AppleWebKit/537.36 (KHTML, like Gecko) Chrome/149.0.0.0 Safari/537.36","userId":"demo-practitioner-001"},"timestamp":"2026-07-02 12:42:14"}
{"level":"info","message":"POST /api/patients/pat-10952a19/documents - IP: ::1","timestamp":"2026-07-02 12:42:14"}
{"level":"info","message":"[DEMO MODE] Auto-authenticated as dr.demo@isiqalo.co.za","timestamp":"2026-07-02 12:42:14"}
{"level":"info","message":"GET /api/cases - IP: ::1","timestamp":"2026-07-02 12:42:18"}
{"level":"info","message":"GET /api/cases - IP: ::1","timestamp":"2026-07-02 12:42:18"}
{"level":"info","message":"GET /api/patients - IP: ::1","timestamp":"2026-07-02 12:42:20"}
{"level":"info","message":"[DEMO MODE] Auto-authenticated as dr.demo@isiqalo.co.za","timestamp":"2026-07-02 12:42:20"}
{"level":"info","message":"GET /api/patients - IP: ::1","timestamp":"2026-07-02 12:42:20"}
{"level":"info","message":"[DEMO MODE] Auto-authenticated as dr.demo@isiqalo.co.za","timestamp":"2026-07-02 12:42:20"}
{"level":"info","message":"GET /api/patients/pat-10952a19 - IP: ::1","timestamp":"2026-07-02 12:42:29"}
{"level":"info","message":"[DEMO MODE] Auto-authenticated as dr.demo@isiqalo.co.za","timestamp":"2026-07-02 12:42:29"}
{"level":"info","message":"GET /api/patients/pat-10952a19/documents/doc-fc64b169/url - IP: ::1","timestamp":"2026-07-02 12:42:29"}
{"level":"info","message":"[DEMO MODE] Auto-authenticated as dr.demo@isiqalo.co.za","timestamp":"2026-07-02 12:42:29"}
{"level":"info","message":"GET /api/patients/pat-10952a19/documents/doc-fc64b169/url - IP: ::1","timestamp":"2026-07-02 12:42:29"}
{"level":"info","message":"[DEMO MODE] Auto-authenticated as dr.demo@isiqalo.co.za","timestamp":"2026-07-02 12:42:29"}
{"level":"info","message":"GET /api/patients - IP: ::1","timestamp":"2026-07-02 12:43:05"}
{"level":"info","message":"[DEMO MODE] Auto-authenticated as dr.demo@isiqalo.co.za","timestamp":"2026-07-02 12:43:05"}
{"level":"info","message":"GET /api/patients - IP: ::1","timestamp":"2026-07-02 12:43:05"}
{"level":"info","message":"[DEMO MODE] Auto-authenticated as dr.demo@isiqalo.co.za","timestamp":"2026-07-02 12:43:05"}
{"level":"info","message":"GET /api/patients - IP: ::1","timestamp":"2026-07-02 12:43:08"}
{"level":"info","message":"[DEMO MODE] Auto-authenticated as dr.demo@isiqalo.co.za","timestamp":"2026-07-02 12:43:08"}
{"level":"info","message":"GET /api/patients - IP: ::1","timestamp":"2026-07-02 12:43:08"}
{"level":"info","message":"[DEMO MODE] Auto-authenticated as dr.demo@isiqalo.co.za","timestamp":"2026-07-02 12:43:08"}
{"level":"info","message":"GET /api/patients - IP: ::1","timestamp":"2026-07-02 12:43:09"}
{"level":"info","message":"[DEMO MODE] Auto-authenticated as dr.demo@isiqalo.co.za","timestamp":"2026-07-02 12:43:09"}
{"level":"info","message":"GET /api/patients - IP: ::1","timestamp":"2026-07-02 12:43:10"}
{"level":"info","message":"[DEMO MODE] Auto-authenticated as dr.demo@isiqalo.co.za","timestamp":"2026-07-02 12:43:10"}
{"level":"info","message":"GET /api/patients - IP: ::1","timestamp":"2026-07-02 12:43:12"}
{"level":"info","message":"[DEMO MODE] Auto-authenticated as dr.demo@isiqalo.co.za","timestamp":"2026-07-02 12:43:12"}
{"level":"info","message":"GET /api/patients - IP: ::1","timestamp":"2026-07-02 12:43:12"}
{"level":"info","message":"[DEMO MODE] Auto-authenticated as dr.demo@isiqalo.co.za","timestamp":"2026-07-02 12:43:12"}
{"level":"info","message":"GET /api/patients - IP: ::1","timestamp":"2026-07-02 12:43:13"}
{"level":"info","message":"[DEMO MODE] Auto-authenticated as dr.demo@isiqalo.co.za","timestamp":"2026-07-02 12:43:13"}
{"level":"info","message":"GET /api/patients - IP: ::1","timestamp":"2026-07-02 12:43:13"}
{"level":"info","message":"[DEMO MODE] Auto-authenticated as dr.demo@isiqalo.co.za","timestamp":"2026-07-02 12:43:13"}
{"level":"info","message":"GET /api/patients - IP: ::1","timestamp":"2026-07-02 12:43:19"}
{"level":"info","message":"[DEMO MODE] Auto-authenticated as dr.demo@isiqalo.co.za","timestamp":"2026-07-02 12:43:19"}
{"level":"info","message":"GET /api/patients - IP: ::1","timestamp":"2026-07-02 12:43:19"}
{"level":"info","message":"[DEMO MODE] Auto-authenticated as dr.demo@isiqalo.co.za","timestamp":"2026-07-02 12:43:19"}
{"level":"info","message":"GET /api/patients/pat-10952a19 - IP: ::1","timestamp":"2026-07-02 12:43:23"}
{"level":"info","message":"[DEMO MODE] Auto-authenticated as dr.demo@isiqalo.co.za","timestamp":"2026-07-02 12:43:23"}
{"level":"info","message":"GET /api/patients/pat-10952a19/documents/doc-fc64b169/url - IP: ::1","timestamp":"2026-07-02 12:43:23"}
{"level":"info","message":"[DEMO MODE] Auto-authenticated as dr.demo@isiqalo.co.za","timestamp":"2026-07-02 12:43:23"}
{"level":"info","message":"GET /api/patients/pat-10952a19/documents/doc-fc64b169/url - IP: ::1","timestamp":"2026-07-02 12:43:23"}
{"level":"info","message":"[DEMO MODE] Auto-authenticated as dr.demo@isiqalo.co.za","timestamp":"2026-07-02 12:43:23"}
{"level":"warn","message":"Encryption key was not 32 bytes. Derived a 32-byte key using SHA-256.","timestamp":"2026-07-02 12:47:59"}
{"level":"info","message":"Serving static files from C:\\Users\\CADCAM\\.antigravity-ide\\ISIQALO MED\\frontend\\dist","timestamp":"2026-07-02 12:47:59"}
{"level":"info","message":"Server successfully running on port 5000","timestamp":"2026-07-02 12:47:59"}
{"level":"info","message":"Connected to SQLite database at C:\\Users\\CADCAM\\.antigravity-ide\\ISIQALO MED\\backend\\data\\database.sqlite","timestamp":"2026-07-02 12:47:59"}
{"level":"info","message":"Database tables initialized successfully from isiqalo.sql","timestamp":"2026-07-02 12:47:59"}
{"level":"warn","message":"Encryption key was not 32 bytes. Derived a 32-byte key using SHA-256.","timestamp":"2026-07-02 12:48:18"}
{"level":"info","message":"Serving static files from C:\\Users\\CADCAM\\.antigravity-ide\\ISIQALO MED\\frontend\\dist","timestamp":"2026-07-02 12:48:19"}
{"level":"info","message":"Server successfully running on port 5000","timestamp":"2026-07-02 12:48:19"}
{"level":"info","message":"Connected to SQLite database at C:\\Users\\CADCAM\\.antigravity-ide\\ISIQALO MED\\backend\\data\\database.sqlite","timestamp":"2026-07-02 12:48:19"}
{"level":"info","message":"Database tables initialized successfully from isiqalo.sql","timestamp":"2026-07-02 12:48:19"}
{"level":"warn","message":"Encryption key was not 32 bytes. Derived a 32-byte key using SHA-256.","timestamp":"2026-07-02 12:48:28"}
{"level":"info","message":"Serving static files from C:\\Users\\CADCAM\\.antigravity-ide\\ISIQALO MED\\frontend\\dist","timestamp":"2026-07-02 12:48:29"}
{"level":"info","message":"Server successfully running on port 5000","timestamp":"2026-07-02 12:48:29"}
{"level":"info","message":"Connected to SQLite database at C:\\Users\\CADCAM\\.antigravity-ide\\ISIQALO MED\\backend\\data\\database.sqlite","timestamp":"2026-07-02 12:48:29"}
{"level":"info","message":"Database tables initialized successfully from isiqalo.sql","timestamp":"2026-07-02 12:48:29"}
{"level":"info","message":"GET /api/cases - IP: ::1","timestamp":"2026-07-02 12:53:56"}
{"level":"info","message":"GET /api/cases - IP: ::1","timestamp":"2026-07-02 12:53:56"}
{"level":"info","message":"GET /api/patients - IP: ::1","timestamp":"2026-07-02 12:53:59"}
{"level":"info","message":"[DEMO MODE] Auto-authenticated as dr.demo@isiqalo.co.za","timestamp":"2026-07-02 12:53:59"}
{"level":"info","message":"GET /api/patients - IP: ::1","timestamp":"2026-07-02 12:53:59"}
{"level":"info","message":"[DEMO MODE] Auto-authenticated as dr.demo@isiqalo.co.za","timestamp":"2026-07-02 12:53:59"}
{"level":"info","message":"GET /api/patients - IP: ::1","timestamp":"2026-07-02 12:54:01"}
{"level":"info","message":"[DEMO MODE] Auto-authenticated as dr.demo@isiqalo.co.za","timestamp":"2026-07-02 12:54:01"}
{"level":"info","message":"GET /api/patients - IP: ::1","timestamp":"2026-07-02 12:54:01"}
{"level":"info","message":"[DEMO MODE] Auto-authenticated as dr.demo@isiqalo.co.za","timestamp":"2026-07-02 12:54:01"}
{"level":"info","message":"GET /api/patients - IP: ::1","timestamp":"2026-07-02 12:54:04"}
{"level":"info","message":"[DEMO MODE] Auto-authenticated as dr.demo@isiqalo.co.za","timestamp":"2026-07-02 12:54:04"}
{"level":"info","message":"GET /api/patients - IP: ::1","timestamp":"2026-07-02 12:54:04"}
{"level":"info","message":"[DEMO MODE] Auto-authenticated as dr.demo@isiqalo.co.za","timestamp":"2026-07-02 12:54:04"}
{"level":"info","message":"DELETE /api/patients/pat-1402764c - IP: ::1","timestamp":"2026-07-02 12:54:08"}
{"level":"info","message":"[DEMO MODE] Auto-authenticated as dr.demo@isiqalo.co.za","timestamp":"2026-07-02 12:54:08"}
{"level":"info","message":"GET /api/patients - IP: ::1","timestamp":"2026-07-02 12:54:08"}
{"level":"info","message":"[DEMO MODE] Auto-authenticated as dr.demo@isiqalo.co.za","timestamp":"2026-07-02 12:54:08"}
{"level":"info","message":"DELETE /api/patients/pat-66aba54e - IP: ::1","timestamp":"2026-07-02 12:54:11"}
{"level":"info","message":"[DEMO MODE] Auto-authenticated as dr.demo@isiqalo.co.za","timestamp":"2026-07-02 12:54:11"}
{"level":"info","message":"GET /api/patients - IP: ::1","timestamp":"2026-07-02 12:54:11"}
{"level":"info","message":"[DEMO MODE] Auto-authenticated as dr.demo@isiqalo.co.za","timestamp":"2026-07-02 12:54:11"}
{"level":"info","message":"DELETE /api/patients/pat-7bd3044e - IP: ::1","timestamp":"2026-07-02 12:54:13"}
{"level":"info","message":"[DEMO MODE] Auto-authenticated as dr.demo@isiqalo.co.za","timestamp":"2026-07-02 12:54:13"}
{"level":"info","message":"GET /api/patients - IP: ::1","timestamp":"2026-07-02 12:54:13"}
{"level":"info","message":"[DEMO MODE] Auto-authenticated as dr.demo@isiqalo.co.za","timestamp":"2026-07-02 12:54:13"}
{"level":"info","message":"GET /api/patients - IP: ::1","timestamp":"2026-07-02 12:54:18"}
{"level":"info","message":"[DEMO MODE] Auto-authenticated as dr.demo@isiqalo.co.za","timestamp":"2026-07-02 12:54:18"}
{"level":"info","message":"GET /api/patients - IP: ::1","timestamp":"2026-07-02 12:54:18"}
{"level":"info","message":"[DEMO MODE] Auto-authenticated as dr.demo@isiqalo.co.za","timestamp":"2026-07-02 12:54:18"}
{"level":"info","message":"GET /api/patients - IP: ::1","timestamp":"2026-07-02 12:54:21"}
{"level":"info","message":"[DEMO MODE] Auto-authenticated as dr.demo@isiqalo.co.za","timestamp":"2026-07-02 12:54:21"}
{"level":"info","message":"GET /api/patients - IP: ::1","timestamp":"2026-07-02 12:54:21"}
{"level":"info","message":"[DEMO MODE] Auto-authenticated as dr.demo@isiqalo.co.za","timestamp":"2026-07-02 12:54:21"}
{"level":"info","message":"GET /api/cases - IP: ::1","timestamp":"2026-07-02 12:54:24"}
{"level":"info","message":"GET /api/cases - IP: ::1","timestamp":"2026-07-02 12:54:24"}
{"level":"info","message":"GET /api/patients - IP: ::1","timestamp":"2026-07-02 12:54:32"}
{"level":"info","message":"[DEMO MODE] Auto-authenticated as dr.demo@isiqalo.co.za","timestamp":"2026-07-02 12:54:32"}
{"level":"info","message":"GET /api/patients - IP: ::1","timestamp":"2026-07-02 12:54:32"}
{"level":"info","message":"[DEMO MODE] Auto-authenticated as dr.demo@isiqalo.co.za","timestamp":"2026-07-02 12:54:32"}
{"level":"info","message":"GET /api/patients - IP: ::1","timestamp":"2026-07-02 12:54:34"}
{"level":"info","message":"[DEMO MODE] Auto-authenticated as dr.demo@isiqalo.co.za","timestamp":"2026-07-02 12:54:34"}
{"level":"info","message":"GET /api/patients - IP: ::1","timestamp":"2026-07-02 12:54:34"}
{"level":"info","message":"[DEMO MODE] Auto-authenticated as dr.demo@isiqalo.co.za","timestamp":"2026-07-02 12:54:34"}
{"level":"info","message":"GET /api/patients - IP: ::1","timestamp":"2026-07-02 12:54:35"}
{"level":"info","message":"[DEMO MODE] Auto-authenticated as dr.demo@isiqalo.co.za","timestamp":"2026-07-02 12:54:35"}
{"level":"info","message":"GET /api/patients - IP: ::1","timestamp":"2026-07-02 12:54:35"}
{"level":"info","message":"[DEMO MODE] Auto-authenticated as dr.demo@isiqalo.co.za","timestamp":"2026-07-02 12:54:35"}
{"level":"info","message":"GET /api/cases - IP: ::1","timestamp":"2026-07-02 12:54:36"}
{"level":"info","message":"GET /api/cases - IP: ::1","timestamp":"2026-07-02 12:54:36"}
{"level":"info","message":"GET /api/patients - IP: ::1","timestamp":"2026-07-02 12:54:37"}
{"level":"info","message":"[DEMO MODE] Auto-authenticated as dr.demo@isiqalo.co.za","timestamp":"2026-07-02 12:54:37"}
{"level":"info","message":"GET /api/patients - IP: ::1","timestamp":"2026-07-02 12:54:37"}
{"level":"info","message":"[DEMO MODE] Auto-authenticated as dr.demo@isiqalo.co.za","timestamp":"2026-07-02 12:54:37"}
{"level":"info","message":"GET /api/cases - IP: ::1","timestamp":"2026-07-02 12:54:38"}
{"level":"info","message":"GET /api/cases - IP: ::1","timestamp":"2026-07-02 12:54:38"}
{"level":"info","message":"GET /api/patients - IP: ::1","timestamp":"2026-07-02 12:56:37"}
{"level":"info","message":"[DEMO MODE] Auto-authenticated as dr.demo@isiqalo.co.za","timestamp":"2026-07-02 12:56:37"}
{"level":"info","message":"GET /api/extract/history - IP: ::1","timestamp":"2026-07-02 12:56:37"}
{"level":"info","message":"[DEMO MODE] Auto-authenticated as dr.demo@isiqalo.co.za","timestamp":"2026-07-02 12:56:37"}
{"level":"info","message":"GET /api/patients - IP: ::1","timestamp":"2026-07-02 12:57:22"}
{"level":"info","message":"[DEMO MODE] Auto-authenticated as dr.demo@isiqalo.co.za","timestamp":"2026-07-02 12:57:22"}
{"level":"info","message":"GET /api/patients - IP: ::1","timestamp":"2026-07-02 12:57:22"}
{"level":"info","message":"[DEMO MODE] Auto-authenticated as dr.demo@isiqalo.co.za","timestamp":"2026-07-02 12:57:22"}
{"level":"info","message":"GET /api/extract/history - IP: ::1","timestamp":"2026-07-02 12:57:22"}
{"level":"info","message":"[DEMO MODE] Auto-authenticated as dr.demo@isiqalo.co.za","timestamp":"2026-07-02 12:57:22"}
{"level":"info","message":"GET /api/extract/history - IP: ::1","timestamp":"2026-07-02 12:57:22"}
{"level":"info","message":"[DEMO MODE] Auto-authenticated as dr.demo@isiqalo.co.za","timestamp":"2026-07-02 12:57:22"}
{"level":"info","message":"GET /api/patients - IP: ::1","timestamp":"2026-07-02 13:13:46"}
{"level":"info","message":"[DEMO MODE] Auto-authenticated as dr.demo@isiqalo.co.za","timestamp":"2026-07-02 13:13:46"}
{"level":"info","message":"GET /api/patients - IP: ::1","timestamp":"2026-07-02 13:13:46"}
{"level":"info","message":"[DEMO MODE] Auto-authenticated as dr.demo@isiqalo.co.za","timestamp":"2026-07-02 13:13:46"}
{"level":"info","message":"GET /api/patients/pat-10952a19 - IP: ::1","timestamp":"2026-07-02 13:13:48"}
{"level":"info","message":"[DEMO MODE] Auto-authenticated as dr.demo@isiqalo.co.za","timestamp":"2026-07-02 13:13:48"}
{"level":"info","message":"GET /api/patients/pat-10952a19/documents/doc-fc64b169/url - IP: ::1","timestamp":"2026-07-02 13:13:48"}
{"level":"info","message":"[DEMO MODE] Auto-authenticated as dr.demo@isiqalo.co.za","timestamp":"2026-07-02 13:13:48"}
{"level":"info","message":"GET /api/patients/pat-10952a19/documents/doc-fc64b169/url - IP: ::1","timestamp":"2026-07-02 13:13:48"}
{"level":"info","message":"[DEMO MODE] Auto-authenticated as dr.demo@isiqalo.co.za","timestamp":"2026-07-02 13:13:48"}
{"level":"info","message":"GET /api/patients - IP: ::1","timestamp":"2026-07-02 13:13:50"}
{"level":"info","message":"[DEMO MODE] Auto-authenticated as dr.demo@isiqalo.co.za","timestamp":"2026-07-02 13:13:50"}
{"level":"info","message":"GET /api/patients - IP: ::1","timestamp":"2026-07-02 13:13:50"}
{"level":"info","message":"[DEMO MODE] Auto-authenticated as dr.demo@isiqalo.co.za","timestamp":"2026-07-02 13:13:50"}
{"level":"info","message":"GET /api/extract/history - IP: ::1","timestamp":"2026-07-02 13:13:50"}
{"level":"info","message":"[DEMO MODE] Auto-authenticated as dr.demo@isiqalo.co.za","timestamp":"2026-07-02 13:13:50"}
{"level":"info","message":"GET /api/extract/history - IP: ::1","timestamp":"2026-07-02 13:13:51"}
{"level":"info","message":"[DEMO MODE] Auto-authenticated as dr.demo@isiqalo.co.za","timestamp":"2026-07-02 13:13:51"}
{"level":"info","message":"GET /api/patients - IP: ::1","timestamp":"2026-07-02 13:53:41"}
{"level":"info","message":"[DEMO MODE] Auto-authenticated as dr.demo@isiqalo.co.za","timestamp":"2026-07-02 13:53:41"}
{"level":"info","message":"GET /api/patients - IP: ::1","timestamp":"2026-07-02 13:53:41"}
{"level":"info","message":"[DEMO MODE] Auto-authenticated as dr.demo@isiqalo.co.za","timestamp":"2026-07-02 13:53:41"}
{"level":"info","message":"GET /api/extract/history - IP: ::1","timestamp":"2026-07-02 13:53:41"}
{"level":"info","message":"[DEMO MODE] Auto-authenticated as dr.demo@isiqalo.co.za","timestamp":"2026-07-02 13:53:41"}
{"level":"info","message":"GET /api/extract/history - IP: ::1","timestamp":"2026-07-02 13:53:41"}
{"level":"info","message":"[DEMO MODE] Auto-authenticated as dr.demo@isiqalo.co.za","timestamp":"2026-07-02 13:53:41"}
{"level":"info","message":"GET /api/patients - IP: ::1","timestamp":"2026-07-02 13:54:00"}
{"level":"info","message":"[DEMO MODE] Auto-authenticated as dr.demo@isiqalo.co.za","timestamp":"2026-07-02 13:54:00"}
{"level":"info","message":"GET /api/patients - IP: ::1","timestamp":"2026-07-02 13:54:00"}
{"level":"info","message":"[DEMO MODE] Auto-authenticated as dr.demo@isiqalo.co.za","timestamp":"2026-07-02 13:54:00"}
{"level":"info","message":"GET /api/patients/pat-10952a19 - IP: ::1","timestamp":"2026-07-02 13:55:35"}
{"level":"info","message":"[DEMO MODE] Auto-authenticated as dr.demo@isiqalo.co.za","timestamp":"2026-07-02 13:55:35"}
{"level":"info","message":"GET /api/patients/pat-10952a19/documents/doc-fc64b169/url - IP: ::1","timestamp":"2026-07-02 13:55:35"}
{"level":"info","message":"[DEMO MODE] Auto-authenticated as dr.demo@isiqalo.co.za","timestamp":"2026-07-02 13:55:35"}
{"level":"info","message":"GET /api/patients/pat-10952a19/documents/doc-fc64b169/url - IP: ::1","timestamp":"2026-07-02 13:55:35"}
{"level":"info","message":"[DEMO MODE] Auto-authenticated as dr.demo@isiqalo.co.za","timestamp":"2026-07-02 13:55:35"}
{"level":"info","message":"GET /api/patients - IP: ::1","timestamp":"2026-07-02 13:57:05"}
{"level":"info","message":"[DEMO MODE] Auto-authenticated as dr.demo@isiqalo.co.za","timestamp":"2026-07-02 13:57:05"}
{"level":"info","message":"GET /api/patients - IP: ::1","timestamp":"2026-07-02 13:57:05"}
{"level":"info","message":"[DEMO MODE] Auto-authenticated as dr.demo@isiqalo.co.za","timestamp":"2026-07-02 13:57:05"}
{"level":"info","message":"GET /api/extract/history - IP: ::1","timestamp":"2026-07-02 13:57:05"}
{"level":"info","message":"[DEMO MODE] Auto-authenticated as dr.demo@isiqalo.co.za","timestamp":"2026-07-02 13:57:05"}
{"level":"info","message":"GET /api/extract/history - IP: ::1","timestamp":"2026-07-02 13:57:05"}
{"level":"info","message":"[DEMO MODE] Auto-authenticated as dr.demo@isiqalo.co.za","timestamp":"2026-07-02 13:57:05"}
{"level":"info","message":"GET /api/patients - IP: ::1","timestamp":"2026-07-02 13:58:38"}
{"level":"info","message":"[DEMO MODE] Auto-authenticated as dr.demo@isiqalo.co.za","timestamp":"2026-07-02 13:58:38"}
{"level":"info","message":"GET /api/patients - IP: ::1","timestamp":"2026-07-02 13:58:38"}
{"level":"info","message":"[DEMO MODE] Auto-authenticated as dr.demo@isiqalo.co.za","timestamp":"2026-07-02 13:58:38"}
{"level":"info","message":"GET /api/patients - IP: ::1","timestamp":"2026-07-02 13:58:45"}
{"level":"info","message":"[DEMO MODE] Auto-authenticated as dr.demo@isiqalo.co.za","timestamp":"2026-07-02 13:58:45"}
{"level":"info","message":"GET /api/patients - IP: ::1","timestamp":"2026-07-02 13:58:45"}
{"level":"info","message":"[DEMO MODE] Auto-authenticated as dr.demo@isiqalo.co.za","timestamp":"2026-07-02 13:58:45"}
{"level":"info","message":"GET /api/patients - IP: ::1","timestamp":"2026-07-02 13:58:50"}
{"level":"info","message":"[DEMO MODE] Auto-authenticated as dr.demo@isiqalo.co.za","timestamp":"2026-07-02 13:58:50"}
{"level":"info","message":"GET /api/patients - IP: ::1","timestamp":"2026-07-02 13:58:50"}
{"level":"info","message":"[DEMO MODE] Auto-authenticated as dr.demo@isiqalo.co.za","timestamp":"2026-07-02 13:58:50"}
{"level":"info","message":"GET /api/patients - IP: ::1","timestamp":"2026-07-02 13:59:00"}
{"level":"info","message":"[DEMO MODE] Auto-authenticated as dr.demo@isiqalo.co.za","timestamp":"2026-07-02 13:59:00"}
{"level":"info","message":"GET /api/patients - IP: ::1","timestamp":"2026-07-02 13:59:00"}
{"level":"info","message":"[DEMO MODE] Auto-authenticated as dr.demo@isiqalo.co.za","timestamp":"2026-07-02 13:59:00"}
{"level":"info","message":"GET /api/patients/pat-10952a19 - IP: ::1","timestamp":"2026-07-02 13:59:02"}
{"level":"info","message":"[DEMO MODE] Auto-authenticated as dr.demo@isiqalo.co.za","timestamp":"2026-07-02 13:59:02"}
{"level":"info","message":"GET /api/patients/pat-10952a19/documents/doc-fc64b169/url - IP: ::1","timestamp":"2026-07-02 13:59:02"}
{"level":"info","message":"[DEMO MODE] Auto-authenticated as dr.demo@isiqalo.co.za","timestamp":"2026-07-02 13:59:02"}
{"level":"info","message":"GET /api/patients/pat-10952a19/documents/doc-fc64b169/url - IP: ::1","timestamp":"2026-07-02 13:59:02"}
{"level":"info","message":"[DEMO MODE] Auto-authenticated as dr.demo@isiqalo.co.za","timestamp":"2026-07-02 13:59:02"}
{"level":"info","message":"GET /api/patients - IP: ::1","timestamp":"2026-07-02 13:59:24"}
{"level":"info","message":"[DEMO MODE] Auto-authenticated as dr.demo@isiqalo.co.za","timestamp":"2026-07-02 13:59:24"}
{"level":"info","message":"GET /api/patients - IP: ::1","timestamp":"2026-07-02 13:59:24"}
{"level":"info","message":"[DEMO MODE] Auto-authenticated as dr.demo@isiqalo.co.za","timestamp":"2026-07-02 13:59:24"}
{"level":"info","message":"GET /api/patients - IP: ::1","timestamp":"2026-07-02 13:59:25"}
{"level":"info","message":"[DEMO MODE] Auto-authenticated as dr.demo@isiqalo.co.za","timestamp":"2026-07-02 13:59:25"}
{"level":"info","message":"GET /api/patients - IP: ::1","timestamp":"2026-07-02 13:59:25"}
{"level":"info","message":"[DEMO MODE] Auto-authenticated as dr.demo@isiqalo.co.za","timestamp":"2026-07-02 13:59:25"}
{"level":"info","message":"GET /api/patients/pat-10952a19 - IP: ::1","timestamp":"2026-07-02 13:59:28"}
{"level":"info","message":"[DEMO MODE] Auto-authenticated as dr.demo@isiqalo.co.za","timestamp":"2026-07-02 13:59:28"}
{"level":"info","message":"GET /api/patients/pat-10952a19/documents/doc-fc64b169/url - IP: ::1","timestamp":"2026-07-02 13:59:28"}
{"level":"info","message":"[DEMO MODE] Auto-authenticated as dr.demo@isiqalo.co.za","timestamp":"2026-07-02 13:59:28"}
{"level":"info","message":"GET /api/patients/pat-10952a19/documents/doc-fc64b169/url - IP: ::1","timestamp":"2026-07-02 13:59:28"}
{"level":"info","message":"[DEMO MODE] Auto-authenticated as dr.demo@isiqalo.co.za","timestamp":"2026-07-02 13:59:28"}
{"level":"info","message":"GET /api/patients - IP: ::1","timestamp":"2026-07-02 13:59:44"}
{"level":"info","message":"[DEMO MODE] Auto-authenticated as dr.demo@isiqalo.co.za","timestamp":"2026-07-02 13:59:44"}
{"level":"info","message":"GET /api/patients - IP: ::1","timestamp":"2026-07-02 13:59:44"}
{"level":"info","message":"[DEMO MODE] Auto-authenticated as dr.demo@isiqalo.co.za","timestamp":"2026-07-02 13:59:44"}
{"level":"info","message":"GET /api/patients/pat-10952a19 - IP: ::1","timestamp":"2026-07-02 13:59:46"}
{"level":"info","message":"[DEMO MODE] Auto-authenticated as dr.demo@isiqalo.co.za","timestamp":"2026-07-02 13:59:46"}
{"level":"info","message":"GET /api/patients/pat-10952a19/documents/doc-fc64b169/url - IP: ::1","timestamp":"2026-07-02 13:59:46"}
{"level":"info","message":"[DEMO MODE] Auto-authenticated as dr.demo@isiqalo.co.za","timestamp":"2026-07-02 13:59:46"}
{"level":"info","message":"GET /api/patients/pat-10952a19/documents/doc-fc64b169/url - IP: ::1","timestamp":"2026-07-02 13:59:46"}
{"level":"info","message":"[DEMO MODE] Auto-authenticated as dr.demo@isiqalo.co.za","timestamp":"2026-07-02 13:59:46"}
{"level":"info","message":"GET /api/patients - IP: ::1","timestamp":"2026-07-02 14:00:30"}
{"level":"info","message":"[DEMO MODE] Auto-authenticated as dr.demo@isiqalo.co.za","timestamp":"2026-07-02 14:00:30"}
{"level":"info","message":"GET /api/patients - IP: ::1","timestamp":"2026-07-02 14:00:31"}
{"level":"info","message":"[DEMO MODE] Auto-authenticated as dr.demo@isiqalo.co.za","timestamp":"2026-07-02 14:00:31"}
{"level":"info","message":"PUT /api/patients/pat-10952a19 - IP: ::1","timestamp":"2026-07-02 14:00:43"}
{"level":"info","message":"[DEMO MODE] Auto-authenticated as dr.demo@isiqalo.co.za","timestamp":"2026-07-02 14:00:43"}
{"level":"info","message":"GET /api/patients - IP: ::1","timestamp":"2026-07-02 14:00:43"}
{"level":"info","message":"[DEMO MODE] Auto-authenticated as dr.demo@isiqalo.co.za","timestamp":"2026-07-02 14:00:43"}
{"level":"info","message":"GET /api/patients - IP: ::1","timestamp":"2026-07-02 14:00:45"}
{"level":"info","message":"[DEMO MODE] Auto-authenticated as dr.demo@isiqalo.co.za","timestamp":"2026-07-02 14:00:45"}
{"level":"info","message":"GET /api/patients - IP: ::1","timestamp":"2026-07-02 14:00:45"}
{"level":"info","message":"[DEMO MODE] Auto-authenticated as dr.demo@isiqalo.co.za","timestamp":"2026-07-02 14:00:45"}
{"level":"warn","message":"Encryption key was not 32 bytes. Derived a 32-byte key using SHA-256.","timestamp":"2026-07-03 10:21:33"}
{"level":"info","message":"Serving static files from C:\\Users\\CADCAM\\.antigravity-ide\\ISIQALO MED\\frontend\\dist","timestamp":"2026-07-03 10:21:34"}
{"level":"info","message":"Server successfully running on port 5000","timestamp":"2026-07-03 10:21:34"}
{"level":"info","message":"Connected to SQLite database at C:\\Users\\CADCAM\\.antigravity-ide\\ISIQALO MED\\backend\\data\\database.sqlite","timestamp":"2026-07-03 10:21:34"}
{"level":"info","message":"Database tables initialized successfully from isiqalo.sql","timestamp":"2026-07-03 10:21:34"}
{"level":"info","message":"GET /api/patients - IP: ::1","timestamp":"2026-07-03 10:22:18"}
{"level":"info","message":"[DEMO MODE] Auto-authenticated as dr.demo@isiqalo.co.za","timestamp":"2026-07-03 10:22:18"}
{"level":"info","message":"GET /api/patients - IP: ::1","timestamp":"2026-07-03 10:22:18"}
{"level":"info","message":"[DEMO MODE] Auto-authenticated as dr.demo@isiqalo.co.za","timestamp":"2026-07-03 10:22:18"}
{"level":"info","message":"GET /api/extract/history - IP: ::1","timestamp":"2026-07-03 10:22:18"}
{"level":"info","message":"[DEMO MODE] Auto-authenticated as dr.demo@isiqalo.co.za","timestamp":"2026-07-03 10:22:18"}
{"level":"info","message":"GET /api/extract/history - IP: ::1","timestamp":"2026-07-03 10:22:18"}
{"level":"info","message":"[DEMO MODE] Auto-authenticated as dr.demo@isiqalo.co.za","timestamp":"2026-07-03 10:22:18"}
{"level":"info","message":"GET /api/chats/users - IP: ::1","timestamp":"2026-07-03 10:22:21"}
{"level":"info","message":"[DEMO MODE] Auto-authenticated as dr.demo@isiqalo.co.za","timestamp":"2026-07-03 10:22:21"}
{"level":"info","message":"GET /api/chats/users - IP: ::1","timestamp":"2026-07-03 10:22:21"}
{"level":"info","message":"[DEMO MODE] Auto-authenticated as dr.demo@isiqalo.co.za","timestamp":"2026-07-03 10:22:21"}
{"level":"info","message":"GET /api/patients - IP: ::1","timestamp":"2026-07-03 10:22:25"}
{"level":"info","message":"[DEMO MODE] Auto-authenticated as dr.demo@isiqalo.co.za","timestamp":"2026-07-03 10:22:25"}
{"level":"info","message":"GET /api/patients - IP: ::1","timestamp":"2026-07-03 10:22:25"}
{"level":"info","message":"[DEMO MODE] Auto-authenticated as dr.demo@isiqalo.co.za","timestamp":"2026-07-03 10:22:25"}
{"level":"info","message":"GET /api/patients - IP: ::1","timestamp":"2026-07-03 10:22:27"}
{"level":"info","message":"[DEMO MODE] Auto-authenticated as dr.demo@isiqalo.co.za","timestamp":"2026-07-03 10:22:27"}
{"level":"info","message":"GET /api/patients - IP: ::1","timestamp":"2026-07-03 10:22:27"}
{"level":"info","message":"[DEMO MODE] Auto-authenticated as dr.demo@isiqalo.co.za","timestamp":"2026-07-03 10:22:27"}
{"level":"info","message":"GET /api/patients - IP: ::1","timestamp":"2026-07-03 10:22:30"}
{"level":"info","message":"[DEMO MODE] Auto-authenticated as dr.demo@isiqalo.co.za","timestamp":"2026-07-03 10:22:30"}
{"level":"info","message":"GET /api/patients - IP: ::1","timestamp":"2026-07-03 10:22:30"}
{"level":"info","message":"[DEMO MODE] Auto-authenticated as dr.demo@isiqalo.co.za","timestamp":"2026-07-03 10:22:30"}
{"level":"info","message":"POST /api/patients - IP: ::1","timestamp":"2026-07-03 10:29:22"}
{"level":"info","message":"[DEMO MODE] Auto-authenticated as dr.demo@isiqalo.co.za","timestamp":"2026-07-03 10:29:22"}
{"level":"info","message":{"action":"PATIENT_CREATED","details":"Patient created: pat-c4e488d3","event":"SECURITY_AUDIT","ipAddress":"::1","timestamp":"2026-07-03T08:29:22.371Z","userAgent":"Mozilla/5.0 (Windows NT 10.0; Win64; x64) AppleWebKit/537.36 (KHTML, like Gecko) Chrome/149.0.0.0 Safari/537.36","userId":"demo-practitioner-001"},"timestamp":"2026-07-03 10:29:22"}
{"level":"info","message":"POST /api/patients/pat-c4e488d3/documents - IP: ::1","timestamp":"2026-07-03 10:29:22"}
{"level":"info","message":"[DEMO MODE] Auto-authenticated as dr.demo@isiqalo.co.za","timestamp":"2026-07-03 10:29:22"}
{"level":"info","message":"GET /api/patients - IP: ::1","timestamp":"2026-07-03 10:29:24"}
{"level":"info","message":"[DEMO MODE] Auto-authenticated as dr.demo@isiqalo.co.za","timestamp":"2026-07-03 10:29:24"}
{"level":"info","message":"GET /api/patients - IP: ::1","timestamp":"2026-07-03 10:29:24"}
{"level":"info","message":"[DEMO MODE] Auto-authenticated as dr.demo@isiqalo.co.za","timestamp":"2026-07-03 10:29:24"}
{"level":"info","message":"GET /api/extract/history - IP: ::1","timestamp":"2026-07-03 10:29:24"}
{"level":"info","message":"[DEMO MODE] Auto-authenticated as dr.demo@isiqalo.co.za","timestamp":"2026-07-03 10:29:24"}
{"level":"info","message":"GET /api/extract/history - IP: ::1","timestamp":"2026-07-03 10:29:24"}
{"level":"info","message":"[DEMO MODE] Auto-authenticated as dr.demo@isiqalo.co.za","timestamp":"2026-07-03 10:29:24"}
{"level":"info","message":"GET /api/patients - IP: ::1","timestamp":"2026-07-03 10:29:31"}
{"level":"info","message":"[DEMO MODE] Auto-authenticated as dr.demo@isiqalo.co.za","timestamp":"2026-07-03 10:29:31"}
{"level":"info","message":"GET /api/patients - IP: ::1","timestamp":"2026-07-03 10:29:31"}
{"level":"info","message":"[DEMO MODE] Auto-authenticated as dr.demo@isiqalo.co.za","timestamp":"2026-07-03 10:29:31"}
{"level":"info","message":"GET /api/patients/pat-c4e488d3 - IP: ::1","timestamp":"2026-07-03 10:29:34"}
{"level":"info","message":"[DEMO MODE] Auto-authenticated as dr.demo@isiqalo.co.za","timestamp":"2026-07-03 10:29:34"}
{"level":"info","message":"GET /api/patients/pat-c4e488d3/comments - IP: ::1","timestamp":"2026-07-03 10:29:34"}
{"level":"info","message":"[DEMO MODE] Auto-authenticated as dr.demo@isiqalo.co.za","timestamp":"2026-07-03 10:29:34"}
{"level":"info","message":"GET /api/patients/pat-c4e488d3/documents/doc-46f50457/url - IP: ::1","timestamp":"2026-07-03 10:29:34"}
{"level":"info","message":"[DEMO MODE] Auto-authenticated as dr.demo@isiqalo.co.za","timestamp":"2026-07-03 10:29:34"}
{"level":"info","message":"GET /api/patients/pat-c4e488d3/documents/doc-46f50457/url - IP: ::1","timestamp":"2026-07-03 10:29:34"}
{"level":"info","message":"[DEMO MODE] Auto-authenticated as dr.demo@isiqalo.co.za","timestamp":"2026-07-03 10:29:34"}
{"level":"info","message":"GET /api/patients - IP: ::1","timestamp":"2026-07-03 10:29:52"}
{"level":"info","message":"[DEMO MODE] Auto-authenticated as dr.demo@isiqalo.co.za","timestamp":"2026-07-03 10:29:52"}
{"level":"info","message":"GET /api/patients - IP: ::1","timestamp":"2026-07-03 10:29:52"}
{"level":"info","message":"[DEMO MODE] Auto-authenticated as dr.demo@isiqalo.co.za","timestamp":"2026-07-03 10:29:52"}
{"level":"info","message":"POST /api/patients - IP: ::1","timestamp":"2026-07-03 10:34:14"}
{"level":"info","message":"[DEMO MODE] Auto-authenticated as dr.demo@isiqalo.co.za","timestamp":"2026-07-03 10:34:14"}
{"level":"info","message":{"action":"PATIENT_CREATED","details":"Patient created: pat-9306281b","event":"SECURITY_AUDIT","ipAddress":"::1","timestamp":"2026-07-03T08:34:14.912Z","userAgent":"Mozilla/5.0 (Windows NT 10.0; Win64; x64) AppleWebKit/537.36 (KHTML, like Gecko) Chrome/149.0.0.0 Safari/537.36","userId":"demo-practitioner-001"},"timestamp":"2026-07-03 10:34:14"}
{"level":"info","message":"POST /api/patients/pat-9306281b/documents - IP: ::1","timestamp":"2026-07-03 10:34:14"}
{"level":"info","message":"[DEMO MODE] Auto-authenticated as dr.demo@isiqalo.co.za","timestamp":"2026-07-03 10:34:14"}
{"level":"info","message":"GET /api/patients - IP: ::1","timestamp":"2026-07-03 10:34:17"}
{"level":"info","message":"[DEMO MODE] Auto-authenticated as dr.demo@isiqalo.co.za","timestamp":"2026-07-03 10:34:17"}
{"level":"info","message":"GET /api/patients - IP: ::1","timestamp":"2026-07-03 10:34:17"}
{"level":"info","message":"[DEMO MODE] Auto-authenticated as dr.demo@isiqalo.co.za","timestamp":"2026-07-03 10:34:17"}
{"level":"info","message":"GET /api/extract/history - IP: ::1","timestamp":"2026-07-03 10:34:17"}
{"level":"info","message":"[DEMO MODE] Auto-authenticated as dr.demo@isiqalo.co.za","timestamp":"2026-07-03 10:34:17"}
{"level":"info","message":"GET /api/extract/history - IP: ::1","timestamp":"2026-07-03 10:34:17"}
{"level":"info","message":"[DEMO MODE] Auto-authenticated as dr.demo@isiqalo.co.za","timestamp":"2026-07-03 10:34:17"}
{"level":"info","message":"GET /api/patients - IP: ::1","timestamp":"2026-07-03 10:34:24"}
{"level":"info","message":"[DEMO MODE] Auto-authenticated as dr.demo@isiqalo.co.za","timestamp":"2026-07-03 10:34:24"}
{"level":"info","message":"GET /api/patients - IP: ::1","timestamp":"2026-07-03 10:34:24"}
{"level":"info","message":"[DEMO MODE] Auto-authenticated as dr.demo@isiqalo.co.za","timestamp":"2026-07-03 10:34:24"}
{"level":"info","message":"POST /api/patients - IP: ::1","timestamp":"2026-07-03 10:40:23"}
{"level":"info","message":"[DEMO MODE] Auto-authenticated as dr.demo@isiqalo.co.za","timestamp":"2026-07-03 10:40:23"}
{"level":"info","message":{"action":"PATIENT_CREATED","details":"Patient created: pat-563e0ce0","event":"SECURITY_AUDIT","ipAddress":"::1","timestamp":"2026-07-03T08:40:23.047Z","userAgent":"Mozilla/5.0 (Windows NT 10.0; Win64; x64) AppleWebKit/537.36 (KHTML, like Gecko) Chrome/149.0.0.0 Safari/537.36","userId":"demo-practitioner-001"},"timestamp":"2026-07-03 10:40:23"}
{"level":"info","message":"POST /api/patients/pat-563e0ce0/documents - IP: ::1","timestamp":"2026-07-03 10:40:23"}
{"level":"info","message":"[DEMO MODE] Auto-authenticated as dr.demo@isiqalo.co.za","timestamp":"2026-07-03 10:40:23"}
{"level":"info","message":"GET /api/patients - IP: ::1","timestamp":"2026-07-03 10:40:25"}
{"level":"info","message":"[DEMO MODE] Auto-authenticated as dr.demo@isiqalo.co.za","timestamp":"2026-07-03 10:40:25"}
{"level":"info","message":"GET /api/patients - IP: ::1","timestamp":"2026-07-03 10:40:25"}
{"level":"info","message":"[DEMO MODE] Auto-authenticated as dr.demo@isiqalo.co.za","timestamp":"2026-07-03 10:40:25"}
{"level":"info","message":"GET /api/extract/history - IP: ::1","timestamp":"2026-07-03 10:40:25"}
{"level":"info","message":"[DEMO MODE] Auto-authenticated as dr.demo@isiqalo.co.za","timestamp":"2026-07-03 10:40:25"}
{"level":"info","message":"GET /api/extract/history - IP: ::1","timestamp":"2026-07-03 10:40:25"}
{"level":"info","message":"[DEMO MODE] Auto-authenticated as dr.demo@isiqalo.co.za","timestamp":"2026-07-03 10:40:25"}
{"level":"info","message":"GET /api/patients - IP: ::1","timestamp":"2026-07-03 10:40:34"}
{"level":"info","message":"[DEMO MODE] Auto-authenticated as dr.demo@isiqalo.co.za","timestamp":"2026-07-03 10:40:34"}
{"level":"info","message":"GET /api/patients - IP: ::1","timestamp":"2026-07-03 10:40:34"}
{"level":"info","message":"[DEMO MODE] Auto-authenticated as dr.demo@isiqalo.co.za","timestamp":"2026-07-03 10:40:34"}
{"level":"warn","message":"Encryption key was not 32 bytes. Derived a 32-byte key using SHA-256.","timestamp":"2026-07-03 10:44:24"}
{"level":"info","message":"Serving static files from C:\\Users\\CADCAM\\.antigravity-ide\\ISIQALO MED\\frontend\\dist","timestamp":"2026-07-03 10:44:24"}
{"level":"info","message":"Server successfully running on port 5000","timestamp":"2026-07-03 10:44:24"}
{"level":"info","message":"Connected to SQLite database at C:\\Users\\CADCAM\\.antigravity-ide\\ISIQALO MED\\backend\\data\\database.sqlite","timestamp":"2026-07-03 10:44:24"}
{"level":"info","message":"Database tables initialized successfully from isiqalo.sql","timestamp":"2026-07-03 10:44:24"}
{"level":"warn","message":"Encryption key was not 32 bytes. Derived a 32-byte key using SHA-256.","timestamp":"2026-07-03 10:44:27"}
{"level":"info","message":"Serving static files from C:\\Users\\CADCAM\\.antigravity-ide\\ISIQALO MED\\frontend\\dist","timestamp":"2026-07-03 10:44:27"}
{"level":"info","message":"Server successfully running on port 5000","timestamp":"2026-07-03 10:44:27"}
{"level":"info","message":"Connected to SQLite database at C:\\Users\\CADCAM\\.antigravity-ide\\ISIQALO MED\\backend\\data\\database.sqlite","timestamp":"2026-07-03 10:44:27"}
{"level":"info","message":"Database tables initialized successfully from isiqalo.sql","timestamp":"2026-07-03 10:44:27"}
{"level":"warn","message":"Encryption key was not 32 bytes. Derived a 32-byte key using SHA-256.","timestamp":"2026-07-03 10:44:35"}
{"level":"info","message":"Serving static files from C:\\Users\\CADCAM\\.antigravity-ide\\ISIQALO MED\\frontend\\dist","timestamp":"2026-07-03 10:44:35"}
{"level":"info","message":"Server successfully running on port 5000","timestamp":"2026-07-03 10:44:35"}
{"level":"info","message":"Connected to SQLite database at C:\\Users\\CADCAM\\.antigravity-ide\\ISIQALO MED\\backend\\data\\database.sqlite","timestamp":"2026-07-03 10:44:35"}
{"level":"info","message":"Database tables initialized successfully from isiqalo.sql","timestamp":"2026-07-03 10:44:35"}
{"level":"warn","message":"Encryption key was not 32 bytes. Derived a 32-byte key using SHA-256.","timestamp":"2026-07-03 10:44:50"}
{"level":"info","message":"Serving static files from C:\\Users\\CADCAM\\.antigravity-ide\\ISIQALO MED\\frontend\\dist","timestamp":"2026-07-03 10:44:50"}
{"level":"info","message":"Server successfully running on port 5000","timestamp":"2026-07-03 10:44:50"}
{"level":"info","message":"Connected to SQLite database at C:\\Users\\CADCAM\\.antigravity-ide\\ISIQALO MED\\backend\\data\\database.sqlite","timestamp":"2026-07-03 10:44:50"}
{"level":"info","message":"Database tables initialized successfully from isiqalo.sql","timestamp":"2026-07-03 10:44:50"}
{"level":"warn","message":"Encryption key was not 32 bytes. Derived a 32-byte key using SHA-256.","timestamp":"2026-07-03 10:46:37"}
{"level":"info","message":"Serving static files from C:\\Users\\CADCAM\\.antigravity-ide\\ISIQALO MED\\frontend\\dist","timestamp":"2026-07-03 10:46:37"}
{"level":"info","message":"Server successfully running on port 5000","timestamp":"2026-07-03 10:46:37"}
{"level":"info","message":"Connected to SQLite database at C:\\Users\\CADCAM\\.antigravity-ide\\ISIQALO MED\\backend\\data\\database.sqlite","timestamp":"2026-07-03 10:46:37"}
{"level":"info","message":"Database tables initialized successfully from isiqalo.sql","timestamp":"2026-07-03 10:46:37"}
{"level":"info","message":"GET /api/patients - IP: ::1","timestamp":"2026-07-03 10:52:01"}
{"level":"info","message":"[DEMO MODE] Auto-authenticated as dr.demo@isiqalo.co.za","timestamp":"2026-07-03 10:52:01"}
{"level":"info","message":"GET /api/patients - IP: ::1","timestamp":"2026-07-03 10:52:01"}
{"level":"info","message":"[DEMO MODE] Auto-authenticated as dr.demo@isiqalo.co.za","timestamp":"2026-07-03 10:52:01"}
{"level":"info","message":"GET /api/extract/history - IP: ::1","timestamp":"2026-07-03 10:52:01"}
{"level":"info","message":"[DEMO MODE] Auto-authenticated as dr.demo@isiqalo.co.za","timestamp":"2026-07-03 10:52:01"}
{"level":"info","message":"GET /api/extract/history - IP: ::1","timestamp":"2026-07-03 10:52:01"}
{"level":"info","message":"[DEMO MODE] Auto-authenticated as dr.demo@isiqalo.co.za","timestamp":"2026-07-03 10:52:01"}
{"level":"info","message":"GET /api/patients - IP: ::1","timestamp":"2026-07-03 10:52:37"}
{"level":"info","message":"[DEMO MODE] Auto-authenticated as dr.demo@isiqalo.co.za","timestamp":"2026-07-03 10:52:37"}
{"level":"info","message":"GET /api/patients - IP: ::1","timestamp":"2026-07-03 10:52:37"}
{"level":"info","message":"[DEMO MODE] Auto-authenticated as dr.demo@isiqalo.co.za","timestamp":"2026-07-03 10:52:37"}
{"level":"info","message":"GET /api/extract/history - IP: ::1","timestamp":"2026-07-03 10:52:37"}
{"level":"info","message":"[DEMO MODE] Auto-authenticated as dr.demo@isiqalo.co.za","timestamp":"2026-07-03 10:52:37"}
{"level":"info","message":"GET /api/extract/history - IP: ::1","timestamp":"2026-07-03 10:52:37"}
{"level":"info","message":"[DEMO MODE] Auto-authenticated as dr.demo@isiqalo.co.za","timestamp":"2026-07-03 10:52:37"}
{"level":"info","message":"GET /api/patients - IP: ::1","timestamp":"2026-07-03 10:52:40"}
{"level":"info","message":"[DEMO MODE] Auto-authenticated as dr.demo@isiqalo.co.za","timestamp":"2026-07-03 10:52:40"}
{"level":"info","message":"GET /api/patients - IP: ::1","timestamp":"2026-07-03 10:52:40"}
{"level":"info","message":"[DEMO MODE] Auto-authenticated as dr.demo@isiqalo.co.za","timestamp":"2026-07-03 10:52:40"}
{"level":"info","message":"POST /api/patients - IP: ::1","timestamp":"2026-07-03 11:00:53"}
{"level":"info","message":"[DEMO MODE] Auto-authenticated as dr.demo@isiqalo.co.za","timestamp":"2026-07-03 11:00:53"}
{"level":"info","message":{"action":"PATIENT_CREATED","details":"Patient created: pat-e7f39ee7","event":"SECURITY_AUDIT","ipAddress":"::1","timestamp":"2026-07-03T09:00:53.412Z","userAgent":"Mozilla/5.0 (Windows NT 10.0; Win64; x64) AppleWebKit/537.36 (KHTML, like Gecko) Chrome/149.0.0.0 Safari/537.36","userId":"demo-practitioner-001"},"timestamp":"2026-07-03 11:00:53"}
{"level":"info","message":"POST /api/patients/pat-e7f39ee7/documents - IP: ::1","timestamp":"2026-07-03 11:00:53"}
{"level":"info","message":"[DEMO MODE] Auto-authenticated as dr.demo@isiqalo.co.za","timestamp":"2026-07-03 11:00:53"}
{"level":"info","message":"GET /api/patients - IP: ::1","timestamp":"2026-07-03 11:00:55"}
{"level":"info","message":"[DEMO MODE] Auto-authenticated as dr.demo@isiqalo.co.za","timestamp":"2026-07-03 11:00:55"}
{"level":"info","message":"GET /api/patients - IP: ::1","timestamp":"2026-07-03 11:00:55"}
{"level":"info","message":"[DEMO MODE] Auto-authenticated as dr.demo@isiqalo.co.za","timestamp":"2026-07-03 11:00:55"}
{"level":"info","message":"GET /api/extract/history - IP: ::1","timestamp":"2026-07-03 11:00:55"}
{"level":"info","message":"[DEMO MODE] Auto-authenticated as dr.demo@isiqalo.co.za","timestamp":"2026-07-03 11:00:55"}
{"level":"info","message":"GET /api/extract/history - IP: ::1","timestamp":"2026-07-03 11:00:55"}
{"level":"info","message":"[DEMO MODE] Auto-authenticated as dr.demo@isiqalo.co.za","timestamp":"2026-07-03 11:00:55"}
{"level":"info","message":"GET /api/patients - IP: ::1","timestamp":"2026-07-03 11:01:00"}
{"level":"info","message":"[DEMO MODE] Auto-authenticated as dr.demo@isiqalo.co.za","timestamp":"2026-07-03 11:01:00"}
{"level":"info","message":"GET /api/patients - IP: ::1","timestamp":"2026-07-03 11:01:00"}
{"level":"info","message":"[DEMO MODE] Auto-authenticated as dr.demo@isiqalo.co.za","timestamp":"2026-07-03 11:01:00"}
{"level":"info","message":"GET /api/patients/pat-e7f39ee7 - IP: ::1","timestamp":"2026-07-03 11:01:02"}
{"level":"info","message":"[DEMO MODE] Auto-authenticated as dr.demo@isiqalo.co.za","timestamp":"2026-07-03 11:01:02"}
{"level":"info","message":"GET /api/patients/pat-e7f39ee7/comments - IP: ::1","timestamp":"2026-07-03 11:01:02"}
{"level":"info","message":"[DEMO MODE] Auto-authenticated as dr.demo@isiqalo.co.za","timestamp":"2026-07-03 11:01:02"}
{"level":"info","message":"GET /api/patients/pat-e7f39ee7/documents/doc-167ef8e6/url - IP: ::1","timestamp":"2026-07-03 11:01:02"}
{"level":"info","message":"[DEMO MODE] Auto-authenticated as dr.demo@isiqalo.co.za","timestamp":"2026-07-03 11:01:02"}
{"level":"info","message":"GET /api/patients/pat-e7f39ee7/documents/doc-a56a3b7a/url - IP: ::1","timestamp":"2026-07-03 11:01:02"}
{"level":"info","message":"[DEMO MODE] Auto-authenticated as dr.demo@isiqalo.co.za","timestamp":"2026-07-03 11:01:02"}
{"level":"info","message":"GET /api/patients/pat-e7f39ee7/documents/doc-bd5d6f50/url - IP: ::1","timestamp":"2026-07-03 11:01:02"}
{"level":"info","message":"[DEMO MODE] Auto-authenticated as dr.demo@isiqalo.co.za","timestamp":"2026-07-03 11:01:02"}
{"level":"info","message":"GET /api/patients/pat-e7f39ee7/documents/doc-845ccef6/url - IP: ::1","timestamp":"2026-07-03 11:01:02"}
{"level":"info","message":"[DEMO MODE] Auto-authenticated as dr.demo@isiqalo.co.za","timestamp":"2026-07-03 11:01:02"}
{"level":"info","message":"GET /api/patients/pat-e7f39ee7/documents/doc-167ef8e6/url - IP: ::1","timestamp":"2026-07-03 11:01:02"}
{"level":"info","message":"[DEMO MODE] Auto-authenticated as dr.demo@isiqalo.co.za","timestamp":"2026-07-03 11:01:02"}
{"level":"info","message":"GET /api/patients/pat-e7f39ee7/documents/doc-a56a3b7a/url - IP: ::1","timestamp":"2026-07-03 11:01:02"}
{"level":"info","message":"[DEMO MODE] Auto-authenticated as dr.demo@isiqalo.co.za","timestamp":"2026-07-03 11:01:02"}
{"level":"info","message":"GET /api/patients/pat-e7f39ee7/documents/doc-bd5d6f50/url - IP: ::1","timestamp":"2026-07-03 11:01:02"}
{"level":"info","message":"[DEMO MODE] Auto-authenticated as dr.demo@isiqalo.co.za","timestamp":"2026-07-03 11:01:02"}
{"level":"info","message":"GET /api/patients/pat-e7f39ee7/documents/doc-845ccef6/url - IP: ::1","timestamp":"2026-07-03 11:01:02"}
{"level":"info","message":"[DEMO MODE] Auto-authenticated as dr.demo@isiqalo.co.za","timestamp":"2026-07-03 11:01:02"}
{"level":"info","message":"GET /api/patients - IP: ::1","timestamp":"2026-07-03 11:02:24"}
{"level":"info","message":"[DEMO MODE] Auto-authenticated as dr.demo@isiqalo.co.za","timestamp":"2026-07-03 11:02:24"}
{"level":"info","message":"GET /api/patients - IP: ::1","timestamp":"2026-07-03 11:02:24"}
{"level":"info","message":"[DEMO MODE] Auto-authenticated as dr.demo@isiqalo.co.za","timestamp":"2026-07-03 11:02:24"}
{"level":"info","message":"GET /api/extract/history - IP: ::1","timestamp":"2026-07-03 11:02:24"}
{"level":"info","message":"[DEMO MODE] Auto-authenticated as dr.demo@isiqalo.co.za","timestamp":"2026-07-03 11:02:24"}
{"level":"info","message":"GET /api/extract/history - IP: ::1","timestamp":"2026-07-03 11:02:24"}
{"level":"info","message":"[DEMO MODE] Auto-authenticated as dr.demo@isiqalo.co.za","timestamp":"2026-07-03 11:02:24"}
{"level":"info","message":"GET /api/patients - IP: ::1","timestamp":"2026-07-03 11:02:29"}
{"level":"info","message":"[DEMO MODE] Auto-authenticated as dr.demo@isiqalo.co.za","timestamp":"2026-07-03 11:02:29"}
{"level":"info","message":"GET /api/patients - IP: ::1","timestamp":"2026-07-03 11:02:29"}
{"level":"info","message":"[DEMO MODE] Auto-authenticated as dr.demo@isiqalo.co.za","timestamp":"2026-07-03 11:02:29"}
{"level":"info","message":"GET /api/patients/pat-e7f39ee7 - IP: ::1","timestamp":"2026-07-03 11:02:32"}
{"level":"info","message":"[DEMO MODE] Auto-authenticated as dr.demo@isiqalo.co.za","timestamp":"2026-07-03 11:02:32"}
{"level":"info","message":"GET /api/patients/pat-e7f39ee7/comments - IP: ::1","timestamp":"2026-07-03 11:02:33"}
{"level":"info","message":"[DEMO MODE] Auto-authenticated as dr.demo@isiqalo.co.za","timestamp":"2026-07-03 11:02:33"}
{"level":"info","message":"GET /api/patients/pat-e7f39ee7/documents/doc-167ef8e6/url - IP: ::1","timestamp":"2026-07-03 11:02:33"}
{"level":"info","message":"[DEMO MODE] Auto-authenticated as dr.demo@isiqalo.co.za","timestamp":"2026-07-03 11:02:33"}
{"level":"info","message":"GET /api/patients/pat-e7f39ee7/documents/doc-a56a3b7a/url - IP: ::1","timestamp":"2026-07-03 11:02:33"}
{"level":"info","message":"[DEMO MODE] Auto-authenticated as dr.demo@isiqalo.co.za","timestamp":"2026-07-03 11:02:33"}
{"level":"info","message":"GET /api/patients/pat-e7f39ee7/documents/doc-bd5d6f50/url - IP: ::1","timestamp":"2026-07-03 11:02:33"}
{"level":"info","message":"[DEMO MODE] Auto-authenticated as dr.demo@isiqalo.co.za","timestamp":"2026-07-03 11:02:33"}
{"level":"info","message":"GET /api/patients/pat-e7f39ee7/documents/doc-845ccef6/url - IP: ::1","timestamp":"2026-07-03 11:02:33"}
{"level":"info","message":"[DEMO MODE] Auto-authenticated as dr.demo@isiqalo.co.za","timestamp":"2026-07-03 11:02:33"}
{"level":"info","message":"GET /api/patients/pat-e7f39ee7/documents/doc-a56a3b7a/url - IP: ::1","timestamp":"2026-07-03 11:02:33"}
{"level":"info","message":"[DEMO MODE] Auto-authenticated as dr.demo@isiqalo.co.za","timestamp":"2026-07-03 11:02:33"}
{"level":"info","message":"GET /api/patients/pat-e7f39ee7/documents/doc-167ef8e6/url - IP: ::1","timestamp":"2026-07-03 11:02:33"}
{"level":"info","message":"[DEMO MODE] Auto-authenticated as dr.demo@isiqalo.co.za","timestamp":"2026-07-03 11:02:33"}
{"level":"info","message":"GET /api/patients/pat-e7f39ee7/documents/doc-bd5d6f50/url - IP: ::1","timestamp":"2026-07-03 11:02:33"}
{"level":"info","message":"[DEMO MODE] Auto-authenticated as dr.demo@isiqalo.co.za","timestamp":"2026-07-03 11:02:33"}
{"level":"info","message":"GET /api/patients/pat-e7f39ee7/documents/doc-845ccef6/url - IP: ::1","timestamp":"2026-07-03 11:02:33"}
{"level":"info","message":"[DEMO MODE] Auto-authenticated as dr.demo@isiqalo.co.za","timestamp":"2026-07-03 11:02:33"}
{"level":"info","message":"GET /api/chats/users - IP: ::1","timestamp":"2026-07-03 11:03:40"}
{"level":"info","message":"[DEMO MODE] Auto-authenticated as dr.demo@isiqalo.co.za","timestamp":"2026-07-03 11:03:40"}
{"level":"info","message":"GET /api/chats/users - IP: ::1","timestamp":"2026-07-03 11:03:40"}
{"level":"info","message":"[DEMO MODE] Auto-authenticated as dr.demo@isiqalo.co.za","timestamp":"2026-07-03 11:03:40"}
{"level":"info","message":"GET /api/patients - IP: ::1","timestamp":"2026-07-03 11:03:50"}
{"level":"info","message":"[DEMO MODE] Auto-authenticated as dr.demo@isiqalo.co.za","timestamp":"2026-07-03 11:03:50"}
{"level":"info","message":"GET /api/patients - IP: ::1","timestamp":"2026-07-03 11:03:50"}
{"level":"info","message":"[DEMO MODE] Auto-authenticated as dr.demo@isiqalo.co.za","timestamp":"2026-07-03 11:03:50"}
{"level":"info","message":"GET /api/patients - IP: ::1","timestamp":"2026-07-03 11:03:54"}
{"level":"info","message":"[DEMO MODE] Auto-authenticated as dr.demo@isiqalo.co.za","timestamp":"2026-07-03 11:03:54"}
{"level":"info","message":"GET /api/patients - IP: ::1","timestamp":"2026-07-03 11:03:54"}
{"level":"info","message":"[DEMO MODE] Auto-authenticated as dr.demo@isiqalo.co.za","timestamp":"2026-07-03 11:03:54"}
{"level":"info","message":"GET /api/patients - IP: ::1","timestamp":"2026-07-03 11:04:04"}
{"level":"info","message":"[DEMO MODE] Auto-authenticated as dr.demo@isiqalo.co.za","timestamp":"2026-07-03 11:04:04"}
{"level":"info","message":"GET /api/patients - IP: ::1","timestamp":"2026-07-03 11:04:04"}
{"level":"info","message":"[DEMO MODE] Auto-authenticated as dr.demo@isiqalo.co.za","timestamp":"2026-07-03 11:04:04"}
{"level":"info","message":"GET /api/extract/history - IP: ::1","timestamp":"2026-07-03 11:04:04"}
{"level":"info","message":"[DEMO MODE] Auto-authenticated as dr.demo@isiqalo.co.za","timestamp":"2026-07-03 11:04:04"}
{"level":"info","message":"GET /api/extract/history - IP: ::1","timestamp":"2026-07-03 11:04:04"}
{"level":"info","message":"[DEMO MODE] Auto-authenticated as dr.demo@isiqalo.co.za","timestamp":"2026-07-03 11:04:04"}
{"level":"info","message":"GET /api/patients - IP: ::1","timestamp":"2026-07-03 11:04:08"}
{"level":"info","message":"[DEMO MODE] Auto-authenticated as dr.demo@isiqalo.co.za","timestamp":"2026-07-03 11:04:08"}
{"level":"info","message":"GET /api/patients - IP: ::1","timestamp":"2026-07-03 11:04:08"}
{"level":"info","message":"[DEMO MODE] Auto-authenticated as dr.demo@isiqalo.co.za","timestamp":"2026-07-03 11:04:08"}
{"level":"info","message":"GET /api/patients/pat-e7f39ee7 - IP: ::1","timestamp":"2026-07-03 11:04:14"}
{"level":"info","message":"[DEMO MODE] Auto-authenticated as dr.demo@isiqalo.co.za","timestamp":"2026-07-03 11:04:14"}
{"level":"info","message":"GET /api/patients/pat-e7f39ee7/comments - IP: ::1","timestamp":"2026-07-03 11:04:14"}
{"level":"info","message":"[DEMO MODE] Auto-authenticated as dr.demo@isiqalo.co.za","timestamp":"2026-07-03 11:04:14"}
{"level":"info","message":"GET /api/patients/pat-e7f39ee7/documents/doc-167ef8e6/url - IP: ::1","timestamp":"2026-07-03 11:04:14"}
{"level":"info","message":"[DEMO MODE] Auto-authenticated as dr.demo@isiqalo.co.za","timestamp":"2026-07-03 11:04:14"}
{"level":"info","message":"GET /api/patients/pat-e7f39ee7/documents/doc-a56a3b7a/url - IP: ::1","timestamp":"2026-07-03 11:04:14"}
{"level":"info","message":"[DEMO MODE] Auto-authenticated as dr.demo@isiqalo.co.za","timestamp":"2026-07-03 11:04:14"}
{"level":"info","message":"GET /api/patients/pat-e7f39ee7/documents/doc-bd5d6f50/url - IP: ::1","timestamp":"2026-07-03 11:04:14"}
{"level":"info","message":"[DEMO MODE] Auto-authenticated as dr.demo@isiqalo.co.za","timestamp":"2026-07-03 11:04:14"}
{"level":"info","message":"GET /api/patients/pat-e7f39ee7/documents/doc-845ccef6/url - IP: ::1","timestamp":"2026-07-03 11:04:14"}
{"level":"info","message":"[DEMO MODE] Auto-authenticated as dr.demo@isiqalo.co.za","timestamp":"2026-07-03 11:04:14"}
{"level":"info","message":"GET /api/patients/pat-e7f39ee7/documents/doc-a56a3b7a/url - IP: ::1","timestamp":"2026-07-03 11:04:14"}
{"level":"info","message":"[DEMO MODE] Auto-authenticated as dr.demo@isiqalo.co.za","timestamp":"2026-07-03 11:04:14"}
{"level":"info","message":"GET /api/patients/pat-e7f39ee7/documents/doc-bd5d6f50/url - IP: ::1","timestamp":"2026-07-03 11:04:14"}
{"level":"info","message":"[DEMO MODE] Auto-authenticated as dr.demo@isiqalo.co.za","timestamp":"2026-07-03 11:04:14"}
{"level":"info","message":"GET /api/patients/pat-e7f39ee7/documents/doc-167ef8e6/url - IP: ::1","timestamp":"2026-07-03 11:04:14"}
{"level":"info","message":"[DEMO MODE] Auto-authenticated as dr.demo@isiqalo.co.za","timestamp":"2026-07-03 11:04:14"}
{"level":"info","message":"GET /api/patients/pat-e7f39ee7/documents/doc-845ccef6/url - IP: ::1","timestamp":"2026-07-03 11:04:14"}
{"level":"info","message":"[DEMO MODE] Auto-authenticated as dr.demo@isiqalo.co.za","timestamp":"2026-07-03 11:04:14"}
{"level":"info","message":"GET /api/patients - IP: ::1","timestamp":"2026-07-03 11:04:47"}
{"level":"info","message":"[DEMO MODE] Auto-authenticated as dr.demo@isiqalo.co.za","timestamp":"2026-07-03 11:04:47"}
{"level":"info","message":"GET /api/patients - IP: ::1","timestamp":"2026-07-03 11:04:47"}
{"level":"info","message":"[DEMO MODE] Auto-authenticated as dr.demo@isiqalo.co.za","timestamp":"2026-07-03 11:04:47"}
{"level":"info","message":"GET /api/extract/history - IP: ::1","timestamp":"2026-07-03 11:04:47"}
{"level":"info","message":"[DEMO MODE] Auto-authenticated as dr.demo@isiqalo.co.za","timestamp":"2026-07-03 11:04:47"}
{"level":"info","message":"GET /api/extract/history - IP: ::1","timestamp":"2026-07-03 11:04:47"}
{"level":"info","message":"[DEMO MODE] Auto-authenticated as dr.demo@isiqalo.co.za","timestamp":"2026-07-03 11:04:47"}
{"level":"info","message":"GET /api/patients - IP: ::1","timestamp":"2026-07-03 11:04:49"}
{"level":"info","message":"[DEMO MODE] Auto-authenticated as dr.demo@isiqalo.co.za","timestamp":"2026-07-03 11:04:49"}
{"level":"info","message":"GET /api/patients - IP: ::1","timestamp":"2026-07-03 11:04:49"}
{"level":"info","message":"[DEMO MODE] Auto-authenticated as dr.demo@isiqalo.co.za","timestamp":"2026-07-03 11:04:49"}
{"level":"info","message":"GET /api/patients/pat-10952a19 - IP: ::1","timestamp":"2026-07-03 11:04:51"}
{"level":"info","message":"[DEMO MODE] Auto-authenticated as dr.demo@isiqalo.co.za","timestamp":"2026-07-03 11:04:51"}
{"level":"info","message":"GET /api/patients/pat-10952a19/comments - IP: ::1","timestamp":"2026-07-03 11:04:51"}
{"level":"info","message":"[DEMO MODE] Auto-authenticated as dr.demo@isiqalo.co.za","timestamp":"2026-07-03 11:04:51"}
{"level":"info","message":"GET /api/patients/pat-10952a19/documents/doc-fc64b169/url - IP: ::1","timestamp":"2026-07-03 11:04:51"}
{"level":"info","message":"[DEMO MODE] Auto-authenticated as dr.demo@isiqalo.co.za","timestamp":"2026-07-03 11:04:51"}
{"level":"info","message":"GET /api/patients/pat-10952a19/documents/doc-fc64b169/url - IP: ::1","timestamp":"2026-07-03 11:04:51"}
{"level":"info","message":"[DEMO MODE] Auto-authenticated as dr.demo@isiqalo.co.za","timestamp":"2026-07-03 11:04:51"}
{"level":"info","message":"GET /api/patients - IP: ::1","timestamp":"2026-07-03 11:05:33"}
{"level":"info","message":"[DEMO MODE] Auto-authenticated as dr.demo@isiqalo.co.za","timestamp":"2026-07-03 11:05:33"}
{"level":"info","message":"GET /api/patients - IP: ::1","timestamp":"2026-07-03 11:05:33"}
{"level":"info","message":"[DEMO MODE] Auto-authenticated as dr.demo@isiqalo.co.za","timestamp":"2026-07-03 11:05:33"}
{"level":"info","message":"GET /api/patients - IP: ::1","timestamp":"2026-07-03 11:05:34"}
{"level":"info","message":"[DEMO MODE] Auto-authenticated as dr.demo@isiqalo.co.za","timestamp":"2026-07-03 11:05:34"}
{"level":"info","message":"GET /api/patients - IP: ::1","timestamp":"2026-07-03 11:05:34"}
{"level":"info","message":"[DEMO MODE] Auto-authenticated as dr.demo@isiqalo.co.za","timestamp":"2026-07-03 11:05:34"}
{"level":"info","message":"GET /api/patients - IP: ::1","timestamp":"2026-07-03 11:05:35"}
{"level":"info","message":"[DEMO MODE] Auto-authenticated as dr.demo@isiqalo.co.za","timestamp":"2026-07-03 11:05:35"}
{"level":"info","message":"GET /api/patients - IP: ::1","timestamp":"2026-07-03 11:05:35"}
{"level":"info","message":"[DEMO MODE] Auto-authenticated as dr.demo@isiqalo.co.za","timestamp":"2026-07-03 11:05:35"}
{"level":"info","message":"PUT /api/patients/pat-10952a19 - IP: ::1","timestamp":"2026-07-03 11:05:45"}
{"level":"info","message":"[DEMO MODE] Auto-authenticated as dr.demo@isiqalo.co.za","timestamp":"2026-07-03 11:05:45"}
{"level":"info","message":"GET /api/patients - IP: ::1","timestamp":"2026-07-03 11:05:45"}
{"level":"info","message":"[DEMO MODE] Auto-authenticated as dr.demo@isiqalo.co.za","timestamp":"2026-07-03 11:05:45"}
{"level":"info","message":"PUT /api/patients/pat-e7f39ee7 - IP: ::1","timestamp":"2026-07-03 11:06:02"}
{"level":"info","message":"[DEMO MODE] Auto-authenticated as dr.demo@isiqalo.co.za","timestamp":"2026-07-03 11:06:02"}
{"level":"info","message":"GET /api/patients - IP: ::1","timestamp":"2026-07-03 11:06:02"}
{"level":"info","message":"[DEMO MODE] Auto-authenticated as dr.demo@isiqalo.co.za","timestamp":"2026-07-03 11:06:02"}
{"level":"info","message":"GET /api/patients - IP: ::1","timestamp":"2026-07-03 11:06:04"}
{"level":"info","message":"[DEMO MODE] Auto-authenticated as dr.demo@isiqalo.co.za","timestamp":"2026-07-03 11:06:04"}
{"level":"info","message":"GET /api/patients - IP: ::1","timestamp":"2026-07-03 11:06:04"}
{"level":"info","message":"[DEMO MODE] Auto-authenticated as dr.demo@isiqalo.co.za","timestamp":"2026-07-03 11:06:04"}
{"level":"info","message":"GET /api/patients - IP: ::1","timestamp":"2026-07-03 11:06:16"}
{"level":"info","message":"[DEMO MODE] Auto-authenticated as dr.demo@isiqalo.co.za","timestamp":"2026-07-03 11:06:16"}
{"level":"info","message":"GET /api/patients - IP: ::1","timestamp":"2026-07-03 11:06:16"}
{"level":"info","message":"[DEMO MODE] Auto-authenticated as dr.demo@isiqalo.co.za","timestamp":"2026-07-03 11:06:16"}
{"level":"info","message":"GET /api/extract/history - IP: ::1","timestamp":"2026-07-03 11:06:16"}
{"level":"info","message":"[DEMO MODE] Auto-authenticated as dr.demo@isiqalo.co.za","timestamp":"2026-07-03 11:06:16"}
{"level":"info","message":"GET /api/extract/history - IP: ::1","timestamp":"2026-07-03 11:06:16"}
{"level":"info","message":"[DEMO MODE] Auto-authenticated as dr.demo@isiqalo.co.za","timestamp":"2026-07-03 11:06:16"}
{"level":"info","message":"GET /api/patients - IP: ::1","timestamp":"2026-07-03 11:07:08"}
{"level":"info","message":"[DEMO MODE] Auto-authenticated as dr.demo@isiqalo.co.za","timestamp":"2026-07-03 11:07:08"}
{"level":"info","message":"GET /api/patients - IP: ::1","timestamp":"2026-07-03 11:07:08"}
{"level":"info","message":"[DEMO MODE] Auto-authenticated as dr.demo@isiqalo.co.za","timestamp":"2026-07-03 11:07:08"}
{"level":"info","message":"GET /api/patients - IP: ::1","timestamp":"2026-07-03 11:07:09"}
{"level":"info","message":"[DEMO MODE] Auto-authenticated as dr.demo@isiqalo.co.za","timestamp":"2026-07-03 11:07:09"}
{"level":"info","message":"GET /api/patients - IP: ::1","timestamp":"2026-07-03 11:07:09"}
{"level":"info","message":"[DEMO MODE] Auto-authenticated as dr.demo@isiqalo.co.za","timestamp":"2026-07-03 11:07:09"}
{"level":"info","message":"GET /api/patients/pat-10952a19 - IP: ::1","timestamp":"2026-07-03 11:07:13"}
{"level":"info","message":"[DEMO MODE] Auto-authenticated as dr.demo@isiqalo.co.za","timestamp":"2026-07-03 11:07:13"}
{"level":"info","message":"GET /api/patients/pat-10952a19/comments - IP: ::1","timestamp":"2026-07-03 11:07:13"}
{"level":"info","message":"[DEMO MODE] Auto-authenticated as dr.demo@isiqalo.co.za","timestamp":"2026-07-03 11:07:13"}
{"level":"info","message":"GET /api/patients/pat-10952a19/documents/doc-fc64b169/url - IP: ::1","timestamp":"2026-07-03 11:07:13"}
{"level":"info","message":"[DEMO MODE] Auto-authenticated as dr.demo@isiqalo.co.za","timestamp":"2026-07-03 11:07:13"}
{"level":"info","message":"GET /api/patients/pat-10952a19/documents/doc-fc64b169/url - IP: ::1","timestamp":"2026-07-03 11:07:13"}
{"level":"info","message":"[DEMO MODE] Auto-authenticated as dr.demo@isiqalo.co.za","timestamp":"2026-07-03 11:07:13"}
{"level":"info","message":"GET /api/chats/users - IP: ::1","timestamp":"2026-07-03 11:08:24"}
{"level":"info","message":"[DEMO MODE] Auto-authenticated as dr.demo@isiqalo.co.za","timestamp":"2026-07-03 11:08:24"}
{"level":"info","message":"GET /api/chats/users - IP: ::1","timestamp":"2026-07-03 11:08:24"}
{"level":"info","message":"[DEMO MODE] Auto-authenticated as dr.demo@isiqalo.co.za","timestamp":"2026-07-03 11:08:24"}
{"level":"info","message":"GET /api/patients - IP: ::1","timestamp":"2026-07-03 11:08:25"}
{"level":"info","message":"[DEMO MODE] Auto-authenticated as dr.demo@isiqalo.co.za","timestamp":"2026-07-03 11:08:25"}
{"level":"info","message":"GET /api/patients - IP: ::1","timestamp":"2026-07-03 11:08:25"}
{"level":"info","message":"[DEMO MODE] Auto-authenticated as dr.demo@isiqalo.co.za","timestamp":"2026-07-03 11:08:25"}
{"level":"info","message":"GET /api/patients - IP: ::1","timestamp":"2026-07-03 11:08:26"}
{"level":"info","message":"[DEMO MODE] Auto-authenticated as dr.demo@isiqalo.co.za","timestamp":"2026-07-03 11:08:26"}
{"level":"info","message":"GET /api/patients - IP: ::1","timestamp":"2026-07-03 11:08:26"}
{"level":"info","message":"[DEMO MODE] Auto-authenticated as dr.demo@isiqalo.co.za","timestamp":"2026-07-03 11:08:26"}
{"level":"info","message":"GET /api/patients - IP: ::1","timestamp":"2026-07-03 11:08:28"}
{"level":"info","message":"[DEMO MODE] Auto-authenticated as dr.demo@isiqalo.co.za","timestamp":"2026-07-03 11:08:28"}
{"level":"info","message":"GET /api/patients - IP: ::1","timestamp":"2026-07-03 11:08:28"}
{"level":"info","message":"[DEMO MODE] Auto-authenticated as dr.demo@isiqalo.co.za","timestamp":"2026-07-03 11:08:28"}
{"level":"info","message":"GET /api/patients - IP: ::1","timestamp":"2026-07-03 11:08:30"}
{"level":"info","message":"[DEMO MODE] Auto-authenticated as dr.demo@isiqalo.co.za","timestamp":"2026-07-03 11:08:30"}
{"level":"info","message":"GET /api/patients - IP: ::1","timestamp":"2026-07-03 11:08:30"}
{"level":"info","message":"[DEMO MODE] Auto-authenticated as dr.demo@isiqalo.co.za","timestamp":"2026-07-03 11:08:30"}
{"level":"info","message":"GET /api/patients - IP: ::1","timestamp":"2026-07-03 11:08:46"}
{"level":"info","message":"[DEMO MODE] Auto-authenticated as dr.demo@isiqalo.co.za","timestamp":"2026-07-03 11:08:46"}
{"level":"info","message":"GET /api/patients - IP: ::1","timestamp":"2026-07-03 11:08:46"}
{"level":"info","message":"[DEMO MODE] Auto-authenticated as dr.demo@isiqalo.co.za","timestamp":"2026-07-03 11:08:46"}
{"level":"info","message":"GET /api/patients - IP: ::1","timestamp":"2026-07-03 11:09:17"}
{"level":"info","message":"[DEMO MODE] Auto-authenticated as dr.demo@isiqalo.co.za","timestamp":"2026-07-03 11:09:17"}
{"level":"info","message":"GET /api/patients - IP: ::1","timestamp":"2026-07-03 11:09:17"}
{"level":"info","message":"[DEMO MODE] Auto-authenticated as dr.demo@isiqalo.co.za","timestamp":"2026-07-03 11:09:17"}
{"level":"info","message":"GET /api/patients/pat-e7f39ee7 - IP: ::1","timestamp":"2026-07-03 11:09:19"}
{"level":"info","message":"[DEMO MODE] Auto-authenticated as dr.demo@isiqalo.co.za","timestamp":"2026-07-03 11:09:19"}
{"level":"info","message":"GET /api/patients/pat-e7f39ee7/comments - IP: ::1","timestamp":"2026-07-03 11:09:19"}
{"level":"info","message":"[DEMO MODE] Auto-authenticated as dr.demo@isiqalo.co.za","timestamp":"2026-07-03 11:09:19"}
{"level":"info","message":"GET /api/patients/pat-e7f39ee7/documents/doc-167ef8e6/url - IP: ::1","timestamp":"2026-07-03 11:09:19"}
{"level":"info","message":"[DEMO MODE] Auto-authenticated as dr.demo@isiqalo.co.za","timestamp":"2026-07-03 11:09:19"}
{"level":"info","message":"GET /api/patients/pat-e7f39ee7/documents/doc-a56a3b7a/url - IP: ::1","timestamp":"2026-07-03 11:09:19"}
{"level":"info","message":"[DEMO MODE] Auto-authenticated as dr.demo@isiqalo.co.za","timestamp":"2026-07-03 11:09:19"}
{"level":"info","message":"GET /api/patients/pat-e7f39ee7/documents/doc-bd5d6f50/url - IP: ::1","timestamp":"2026-07-03 11:09:19"}
{"level":"info","message":"[DEMO MODE] Auto-authenticated as dr.demo@isiqalo.co.za","timestamp":"2026-07-03 11:09:19"}
{"level":"info","message":"GET /api/patients/pat-e7f39ee7/documents/doc-845ccef6/url - IP: ::1","timestamp":"2026-07-03 11:09:19"}
{"level":"info","message":"[DEMO MODE] Auto-authenticated as dr.demo@isiqalo.co.za","timestamp":"2026-07-03 11:09:19"}
{"level":"info","message":"GET /api/patients/pat-e7f39ee7/documents/doc-167ef8e6/url - IP: ::1","timestamp":"2026-07-03 11:09:19"}
{"level":"info","message":"[DEMO MODE] Auto-authenticated as dr.demo@isiqalo.co.za","timestamp":"2026-07-03 11:09:19"}
{"level":"info","message":"GET /api/patients/pat-e7f39ee7/documents/doc-a56a3b7a/url - IP: ::1","timestamp":"2026-07-03 11:09:19"}
{"level":"info","message":"[DEMO MODE] Auto-authenticated as dr.demo@isiqalo.co.za","timestamp":"2026-07-03 11:09:19"}
{"level":"info","message":"GET /api/patients/pat-e7f39ee7/documents/doc-845ccef6/url - IP: ::1","timestamp":"2026-07-03 11:09:19"}
{"level":"info","message":"[DEMO MODE] Auto-authenticated as dr.demo@isiqalo.co.za","timestamp":"2026-07-03 11:09:19"}
{"level":"info","message":"GET /api/patients/pat-e7f39ee7/documents/doc-bd5d6f50/url - IP: ::1","timestamp":"2026-07-03 11:09:19"}
{"level":"info","message":"[DEMO MODE] Auto-authenticated as dr.demo@isiqalo.co.za","timestamp":"2026-07-03 11:09:19"}
{"level":"info","message":"GET /api/patients - IP: ::1","timestamp":"2026-07-03 11:09:21"}
{"level":"info","message":"[DEMO MODE] Auto-authenticated as dr.demo@isiqalo.co.za","timestamp":"2026-07-03 11:09:21"}
{"level":"info","message":"GET /api/patients - IP: ::1","timestamp":"2026-07-03 11:09:21"}
{"level":"info","message":"[DEMO MODE] Auto-authenticated as dr.demo@isiqalo.co.za","timestamp":"2026-07-03 11:09:21"}
{"level":"info","message":"GET /api/extract/history - IP: ::1","timestamp":"2026-07-03 11:09:21"}
{"level":"info","message":"[DEMO MODE] Auto-authenticated as dr.demo@isiqalo.co.za","timestamp":"2026-07-03 11:09:21"}
{"level":"info","message":"GET /api/extract/history - IP: ::1","timestamp":"2026-07-03 11:09:21"}
{"level":"info","message":"[DEMO MODE] Auto-authenticated as dr.demo@isiqalo.co.za","timestamp":"2026-07-03 11:09:21"}
{"level":"info","message":"GET /api/patients - IP: ::1","timestamp":"2026-07-03 11:10:11"}
{"level":"info","message":"[DEMO MODE] Auto-authenticated as dr.demo@isiqalo.co.za","timestamp":"2026-07-03 11:10:11"}
{"level":"info","message":"GET /api/patients - IP: ::1","timestamp":"2026-07-03 11:10:11"}
{"level":"info","message":"[DEMO MODE] Auto-authenticated as dr.demo@isiqalo.co.za","timestamp":"2026-07-03 11:10:11"}
{"level":"info","message":"GET /api/extract/history - IP: ::1","timestamp":"2026-07-03 11:10:11"}
{"level":"info","message":"[DEMO MODE] Auto-authenticated as dr.demo@isiqalo.co.za","timestamp":"2026-07-03 11:10:11"}
{"level":"info","message":"GET /api/extract/history - IP: ::1","timestamp":"2026-07-03 11:10:11"}
{"level":"info","message":"[DEMO MODE] Auto-authenticated as dr.demo@isiqalo.co.za","timestamp":"2026-07-03 11:10:11"}
{"level":"info","message":"GET /api/patients - IP: ::1","timestamp":"2026-07-03 11:10:36"}
{"level":"info","message":"[DEMO MODE] Auto-authenticated as dr.demo@isiqalo.co.za","timestamp":"2026-07-03 11:10:36"}
{"level":"info","message":"GET /api/patients - IP: ::1","timestamp":"2026-07-03 11:10:36"}
{"level":"info","message":"[DEMO MODE] Auto-authenticated as dr.demo@isiqalo.co.za","timestamp":"2026-07-03 11:10:36"}
{"level":"info","message":"GET /api/patients - IP: ::1","timestamp":"2026-07-03 11:10:51"}
{"level":"info","message":"[DEMO MODE] Auto-authenticated as dr.demo@isiqalo.co.za","timestamp":"2026-07-03 11:10:51"}
{"level":"info","message":"GET /api/patients - IP: ::1","timestamp":"2026-07-03 11:10:51"}
{"level":"info","message":"[DEMO MODE] Auto-authenticated as dr.demo@isiqalo.co.za","timestamp":"2026-07-03 11:10:51"}
{"level":"info","message":"GET /api/patients - IP: ::1","timestamp":"2026-07-03 11:10:59"}
{"level":"info","message":"[DEMO MODE] Auto-authenticated as dr.demo@isiqalo.co.za","timestamp":"2026-07-03 11:10:59"}
{"level":"info","message":"GET /api/patients - IP: ::1","timestamp":"2026-07-03 11:10:59"}
{"level":"info","message":"[DEMO MODE] Auto-authenticated as dr.demo@isiqalo.co.za","timestamp":"2026-07-03 11:10:59"}
{"level":"info","message":"GET /api/patients/pat-e7f39ee7 - IP: ::1","timestamp":"2026-07-03 11:11:21"}
{"level":"info","message":"[DEMO MODE] Auto-authenticated as dr.demo@isiqalo.co.za","timestamp":"2026-07-03 11:11:21"}
{"level":"info","message":"GET /api/patients/pat-e7f39ee7/comments - IP: ::1","timestamp":"2026-07-03 11:11:21"}
{"level":"info","message":"[DEMO MODE] Auto-authenticated as dr.demo@isiqalo.co.za","timestamp":"2026-07-03 11:11:21"}
{"level":"info","message":"GET /api/patients/pat-e7f39ee7/documents/doc-bd5d6f50/url - IP: ::1","timestamp":"2026-07-03 11:11:21"}
{"level":"info","message":"[DEMO MODE] Auto-authenticated as dr.demo@isiqalo.co.za","timestamp":"2026-07-03 11:11:21"}
{"level":"info","message":"GET /api/patients/pat-e7f39ee7/documents/doc-845ccef6/url - IP: ::1","timestamp":"2026-07-03 11:11:21"}
{"level":"info","message":"[DEMO MODE] Auto-authenticated as dr.demo@isiqalo.co.za","timestamp":"2026-07-03 11:11:21"}
{"level":"info","message":"GET /api/patients/pat-e7f39ee7/documents/doc-167ef8e6/url - IP: ::1","timestamp":"2026-07-03 11:11:21"}
{"level":"info","message":"[DEMO MODE] Auto-authenticated as dr.demo@isiqalo.co.za","timestamp":"2026-07-03 11:11:21"}
{"level":"info","message":"GET /api/patients/pat-e7f39ee7/documents/doc-a56a3b7a/url - IP: ::1","timestamp":"2026-07-03 11:11:21"}
{"level":"info","message":"[DEMO MODE] Auto-authenticated as dr.demo@isiqalo.co.za","timestamp":"2026-07-03 11:11:21"}
{"level":"info","message":"GET /api/patients/pat-e7f39ee7/documents/doc-bd5d6f50/url - IP: ::1","timestamp":"2026-07-03 11:11:21"}
{"level":"info","message":"[DEMO MODE] Auto-authenticated as dr.demo@isiqalo.co.za","timestamp":"2026-07-03 11:11:21"}
{"level":"info","message":"GET /api/patients/pat-e7f39ee7/documents/doc-167ef8e6/url - IP: ::1","timestamp":"2026-07-03 11:11:21"}
{"level":"info","message":"[DEMO MODE] Auto-authenticated as dr.demo@isiqalo.co.za","timestamp":"2026-07-03 11:11:21"}
{"level":"info","message":"GET /api/patients/pat-e7f39ee7/documents/doc-845ccef6/url - IP: ::1","timestamp":"2026-07-03 11:11:21"}
{"level":"info","message":"[DEMO MODE] Auto-authenticated as dr.demo@isiqalo.co.za","timestamp":"2026-07-03 11:11:21"}
{"level":"info","message":"GET /api/patients/pat-e7f39ee7/documents/doc-a56a3b7a/url - IP: ::1","timestamp":"2026-07-03 11:11:21"}
{"level":"info","message":"[DEMO MODE] Auto-authenticated as dr.demo@isiqalo.co.za","timestamp":"2026-07-03 11:11:21"}
{"level":"info","message":"GET /api/patients - IP: ::1","timestamp":"2026-07-03 11:11:53"}
{"level":"info","message":"[DEMO MODE] Auto-authenticated as dr.demo@isiqalo.co.za","timestamp":"2026-07-03 11:11:53"}
{"level":"info","message":"GET /api/patients - IP: ::1","timestamp":"2026-07-03 11:11:53"}
{"level":"info","message":"[DEMO MODE] Auto-authenticated as dr.demo@isiqalo.co.za","timestamp":"2026-07-03 11:11:53"}
{"level":"info","message":"PUT /api/patients/pat-e7f39ee7 - IP: ::1","timestamp":"2026-07-03 11:12:04"}
{"level":"info","message":"[DEMO MODE] Auto-authenticated as dr.demo@isiqalo.co.za","timestamp":"2026-07-03 11:12:04"}
{"level":"info","message":"GET /api/patients - IP: ::1","timestamp":"2026-07-03 11:12:04"}
{"level":"info","message":"[DEMO MODE] Auto-authenticated as dr.demo@isiqalo.co.za","timestamp":"2026-07-03 11:12:04"}
{"level":"info","message":"GET /api/patients - IP: ::1","timestamp":"2026-07-03 11:12:07"}
{"level":"info","message":"[DEMO MODE] Auto-authenticated as dr.demo@isiqalo.co.za","timestamp":"2026-07-03 11:12:07"}
{"level":"info","message":"GET /api/patients - IP: ::1","timestamp":"2026-07-03 11:12:07"}
{"level":"info","message":"[DEMO MODE] Auto-authenticated as dr.demo@isiqalo.co.za","timestamp":"2026-07-03 11:12:07"}
{"level":"info","message":"GET /api/chats/users - IP: ::1","timestamp":"2026-07-03 11:12:10"}
{"level":"info","message":"[DEMO MODE] Auto-authenticated as dr.demo@isiqalo.co.za","timestamp":"2026-07-03 11:12:10"}
{"level":"info","message":"GET /api/chats/users - IP: ::1","timestamp":"2026-07-03 11:12:10"}
{"level":"info","message":"[DEMO MODE] Auto-authenticated as dr.demo@isiqalo.co.za","timestamp":"2026-07-03 11:12:10"}
{"level":"info","message":"GET /api/settings/audit-logs - IP: ::1","timestamp":"2026-07-03 11:12:21"}
{"level":"info","message":"[DEMO MODE] Auto-authenticated as dr.demo@isiqalo.co.za","timestamp":"2026-07-03 11:12:21"}
{"level":"info","message":"GET /api/patients - IP: ::1","timestamp":"2026-07-03 11:16:48"}
{"level":"info","message":"[DEMO MODE] Auto-authenticated as dr.demo@isiqalo.co.za","timestamp":"2026-07-03 11:16:48"}
{"level":"info","message":"GET /api/patients - IP: ::1","timestamp":"2026-07-03 11:16:48"}
{"level":"info","message":"[DEMO MODE] Auto-authenticated as dr.demo@isiqalo.co.za","timestamp":"2026-07-03 11:16:48"}
{"level":"info","message":"GET /api/patients - IP: ::1","timestamp":"2026-07-03 11:16:49"}
{"level":"info","message":"[DEMO MODE] Auto-authenticated as dr.demo@isiqalo.co.za","timestamp":"2026-07-03 11:16:49"}
{"level":"info","message":"GET /api/patients - IP: ::1","timestamp":"2026-07-03 11:16:49"}
{"level":"info","message":"[DEMO MODE] Auto-authenticated as dr.demo@isiqalo.co.za","timestamp":"2026-07-03 11:16:49"}
{"level":"info","message":"GET /api/patients/pat-e7f39ee7 - IP: ::1","timestamp":"2026-07-03 11:16:51"}
{"level":"info","message":"[DEMO MODE] Auto-authenticated as dr.demo@isiqalo.co.za","timestamp":"2026-07-03 11:16:51"}
{"level":"info","message":"GET /api/patients/pat-e7f39ee7/comments - IP: ::1","timestamp":"2026-07-03 11:16:51"}
{"level":"info","message":"[DEMO MODE] Auto-authenticated as dr.demo@isiqalo.co.za","timestamp":"2026-07-03 11:16:51"}
{"level":"info","message":"GET /api/patients/pat-e7f39ee7/documents/doc-167ef8e6/url - IP: ::1","timestamp":"2026-07-03 11:16:51"}
{"level":"info","message":"[DEMO MODE] Auto-authenticated as dr.demo@isiqalo.co.za","timestamp":"2026-07-03 11:16:51"}
{"level":"info","message":"GET /api/patients/pat-e7f39ee7/documents/doc-a56a3b7a/url - IP: ::1","timestamp":"2026-07-03 11:16:51"}
{"level":"info","message":"[DEMO MODE] Auto-authenticated as dr.demo@isiqalo.co.za","timestamp":"2026-07-03 11:16:51"}
{"level":"info","message":"GET /api/patients/pat-e7f39ee7/documents/doc-bd5d6f50/url - IP: ::1","timestamp":"2026-07-03 11:16:51"}
{"level":"info","message":"[DEMO MODE] Auto-authenticated as dr.demo@isiqalo.co.za","timestamp":"2026-07-03 11:16:51"}
{"level":"info","message":"GET /api/patients/pat-e7f39ee7/documents/doc-845ccef6/url - IP: ::1","timestamp":"2026-07-03 11:16:51"}
{"level":"info","message":"[DEMO MODE] Auto-authenticated as dr.demo@isiqalo.co.za","timestamp":"2026-07-03 11:16:51"}
{"level":"info","message":"GET /api/patients/pat-e7f39ee7/documents/doc-bd5d6f50/url - IP: ::1","timestamp":"2026-07-03 11:16:51"}
{"level":"info","message":"[DEMO MODE] Auto-authenticated as dr.demo@isiqalo.co.za","timestamp":"2026-07-03 11:16:51"}
{"level":"info","message":"GET /api/patients/pat-e7f39ee7/documents/doc-845ccef6/url - IP: ::1","timestamp":"2026-07-03 11:16:51"}
{"level":"info","message":"[DEMO MODE] Auto-authenticated as dr.demo@isiqalo.co.za","timestamp":"2026-07-03 11:16:51"}
{"level":"info","message":"GET /api/patients/pat-e7f39ee7/documents/doc-167ef8e6/url - IP: ::1","timestamp":"2026-07-03 11:16:51"}
{"level":"info","message":"[DEMO MODE] Auto-authenticated as dr.demo@isiqalo.co.za","timestamp":"2026-07-03 11:16:51"}
{"level":"info","message":"GET /api/patients/pat-e7f39ee7/documents/doc-a56a3b7a/url - IP: ::1","timestamp":"2026-07-03 11:16:51"}
{"level":"info","message":"[DEMO MODE] Auto-authenticated as dr.demo@isiqalo.co.za","timestamp":"2026-07-03 11:16:51"}
{"level":"info","message":"GET /api/patients - IP: ::1","timestamp":"2026-07-03 11:33:17"}
{"level":"info","message":"[DEMO MODE] Auto-authenticated as dr.demo@isiqalo.co.za","timestamp":"2026-07-03 11:33:17"}
{"level":"info","message":"GET /api/patients - IP: ::1","timestamp":"2026-07-03 11:33:17"}
{"level":"info","message":"[DEMO MODE] Auto-authenticated as dr.demo@isiqalo.co.za","timestamp":"2026-07-03 11:33:17"}
{"level":"info","message":"POST /api/extract - IP: ::1","timestamp":"2026-07-03 11:33:51"}
{"level":"info","message":"[DEMO MODE] Auto-authenticated as dr.demo@isiqalo.co.za","timestamp":"2026-07-03 11:33:51"}
{"level":"info","message":{"action":"DATA_EXTRACTION","details":"Extracted 1 patient records in ZIP format.","event":"SECURITY_AUDIT","ipAddress":"::1","timestamp":"2026-07-03T09:33:51.245Z","userAgent":"Mozilla/5.0 (Windows NT 10.0; Win64; x64) AppleWebKit/537.36 (KHTML, like Gecko) Chrome/149.0.0.0 Safari/537.36","userId":"demo-practitioner-001"},"timestamp":"2026-07-03 11:33:51"}
{"level":"info","message":"POST /api/extract - IP: ::1","timestamp":"2026-07-03 11:33:57"}
{"level":"info","message":"[DEMO MODE] Auto-authenticated as dr.demo@isiqalo.co.za","timestamp":"2026-07-03 11:33:57"}
{"level":"info","message":{"action":"DATA_EXTRACTION","details":"Extracted 1 patient records in PDF format.","event":"SECURITY_AUDIT","ipAddress":"::1","timestamp":"2026-07-03T09:33:57.820Z","userAgent":"Mozilla/5.0 (Windows NT 10.0; Win64; x64) AppleWebKit/537.36 (KHTML, like Gecko) Chrome/149.0.0.0 Safari/537.36","userId":"demo-practitioner-001"},"timestamp":"2026-07-03 11:33:57"}
{"level":"warn","message":"Encryption key was not 32 bytes. Derived a 32-byte key using SHA-256.","timestamp":"2026-07-03 11:35:54"}
{"level":"info","message":"Serving static files from C:\\Users\\CADCAM\\.antigravity-ide\\ISIQALO MED\\frontend\\dist","timestamp":"2026-07-03 11:35:55"}
{"level":"info","message":"Server successfully running on port 5000","timestamp":"2026-07-03 11:35:55"}
{"level":"info","message":"Connected to SQLite database at C:\\Users\\CADCAM\\.antigravity-ide\\ISIQALO MED\\backend\\data\\database.sqlite","timestamp":"2026-07-03 11:35:55"}
{"level":"info","message":"Database tables initialized successfully from isiqalo.sql","timestamp":"2026-07-03 11:35:55"}
{"level":"info","message":"POST /api/extract - IP: ::1","timestamp":"2026-07-03 11:36:43"}
{"level":"info","message":"[DEMO MODE] Auto-authenticated as dr.demo@isiqalo.co.za","timestamp":"2026-07-03 11:36:43"}
{"level":"info","message":{"action":"DATA_EXTRACTION","details":"Extracted 1 patient records in PDF format.","event":"SECURITY_AUDIT","ipAddress":"::1","timestamp":"2026-07-03T09:36:43.950Z","userAgent":"Mozilla/5.0 (Windows NT 10.0; Win64; x64) AppleWebKit/537.36 (KHTML, like Gecko) Chrome/149.0.0.0 Safari/537.36","userId":"demo-practitioner-001"},"timestamp":"2026-07-03 11:36:43"}
{"level":"info","message":"GET /api/patients - IP: ::1","timestamp":"2026-07-03 11:46:52"}
{"level":"info","message":"[DEMO MODE] Auto-authenticated as dr.demo@isiqalo.co.za","timestamp":"2026-07-03 11:46:52"}
{"level":"info","message":"GET /api/patients - IP: ::1","timestamp":"2026-07-03 11:46:52"}
{"level":"info","message":"[DEMO MODE] Auto-authenticated as dr.demo@isiqalo.co.za","timestamp":"2026-07-03 11:46:52"}
{"level":"info","message":"GET /api/patients/pat-10952a19 - IP: ::1","timestamp":"2026-07-03 11:46:56"}
{"level":"info","message":"[DEMO MODE] Auto-authenticated as dr.demo@isiqalo.co.za","timestamp":"2026-07-03 11:46:56"}
{"level":"info","message":"GET /api/patients/pat-10952a19/comments - IP: ::1","timestamp":"2026-07-03 11:46:56"}
{"level":"info","message":"[DEMO MODE] Auto-authenticated as dr.demo@isiqalo.co.za","timestamp":"2026-07-03 11:46:56"}
{"level":"info","message":"GET /api/patients/pat-10952a19/documents/doc-fc64b169/url - IP: ::1","timestamp":"2026-07-03 11:46:56"}
{"level":"info","message":"[DEMO MODE] Auto-authenticated as dr.demo@isiqalo.co.za","timestamp":"2026-07-03 11:46:56"}
{"level":"info","message":"GET /api/patients/pat-10952a19/documents/doc-fc64b169/url - IP: ::1","timestamp":"2026-07-03 11:46:56"}
{"level":"info","message":"[DEMO MODE] Auto-authenticated as dr.demo@isiqalo.co.za","timestamp":"2026-07-03 11:46:56"}
{"level":"info","message":"GET /api/patients - IP: ::1","timestamp":"2026-07-03 11:52:11"}
{"level":"info","message":"[DEMO MODE] Auto-authenticated as dr.demo@isiqalo.co.za","timestamp":"2026-07-03 11:52:11"}
{"level":"info","message":"GET /api/patients - IP: ::1","timestamp":"2026-07-03 11:52:11"}
{"level":"info","message":"[DEMO MODE] Auto-authenticated as dr.demo@isiqalo.co.za","timestamp":"2026-07-03 11:52:11"}
{"level":"info","message":"GET /api/patients - IP: ::1","timestamp":"2026-07-03 11:52:12"}
{"level":"info","message":"[DEMO MODE] Auto-authenticated as dr.demo@isiqalo.co.za","timestamp":"2026-07-03 11:52:12"}
{"level":"info","message":"GET /api/patients - IP: ::1","timestamp":"2026-07-03 11:52:12"}
{"level":"info","message":"[DEMO MODE] Auto-authenticated as dr.demo@isiqalo.co.za","timestamp":"2026-07-03 11:52:12"}
{"level":"info","message":"GET /api/patients/pat-e7f39ee7 - IP: ::1","timestamp":"2026-07-03 11:52:14"}
{"level":"info","message":"[DEMO MODE] Auto-authenticated as dr.demo@isiqalo.co.za","timestamp":"2026-07-03 11:52:14"}
{"level":"info","message":"GET /api/patients/pat-e7f39ee7/comments - IP: ::1","timestamp":"2026-07-03 11:52:14"}
{"level":"info","message":"[DEMO MODE] Auto-authenticated as dr.demo@isiqalo.co.za","timestamp":"2026-07-03 11:52:14"}
{"level":"info","message":"GET /api/patients/pat-e7f39ee7/documents/doc-167ef8e6/url - IP: ::1","timestamp":"2026-07-03 11:52:14"}
{"level":"info","message":"[DEMO MODE] Auto-authenticated as dr.demo@isiqalo.co.za","timestamp":"2026-07-03 11:52:14"}
{"level":"info","message":"GET /api/patients/pat-e7f39ee7/documents/doc-a56a3b7a/url - IP: ::1","timestamp":"2026-07-03 11:52:14"}
{"level":"info","message":"[DEMO MODE] Auto-authenticated as dr.demo@isiqalo.co.za","timestamp":"2026-07-03 11:52:14"}
{"level":"info","message":"GET /api/patients/pat-e7f39ee7/documents/doc-bd5d6f50/url - IP: ::1","timestamp":"2026-07-03 11:52:14"}
{"level":"info","message":"[DEMO MODE] Auto-authenticated as dr.demo@isiqalo.co.za","timestamp":"2026-07-03 11:52:14"}
{"level":"info","message":"GET /api/patients/pat-e7f39ee7/documents/doc-845ccef6/url - IP: ::1","timestamp":"2026-07-03 11:52:14"}
{"level":"info","message":"[DEMO MODE] Auto-authenticated as dr.demo@isiqalo.co.za","timestamp":"2026-07-03 11:52:14"}
{"level":"info","message":"GET /api/patients/pat-e7f39ee7/documents/doc-a56a3b7a/url - IP: ::1","timestamp":"2026-07-03 11:52:14"}
{"level":"info","message":"[DEMO MODE] Auto-authenticated as dr.demo@isiqalo.co.za","timestamp":"2026-07-03 11:52:14"}
{"level":"info","message":"GET /api/patients/pat-e7f39ee7/documents/doc-bd5d6f50/url - IP: ::1","timestamp":"2026-07-03 11:52:14"}
{"level":"info","message":"[DEMO MODE] Auto-authenticated as dr.demo@isiqalo.co.za","timestamp":"2026-07-03 11:52:14"}
{"level":"info","message":"GET /api/patients/pat-e7f39ee7/documents/doc-167ef8e6/url - IP: ::1","timestamp":"2026-07-03 11:52:14"}
{"level":"info","message":"[DEMO MODE] Auto-authenticated as dr.demo@isiqalo.co.za","timestamp":"2026-07-03 11:52:14"}
{"level":"info","message":"GET /api/patients/pat-e7f39ee7/documents/doc-845ccef6/url - IP: ::1","timestamp":"2026-07-03 11:52:14"}
{"level":"info","message":"[DEMO MODE] Auto-authenticated as dr.demo@isiqalo.co.za","timestamp":"2026-07-03 11:52:14"}
{"level":"info","message":"GET /api/patients - IP: ::1","timestamp":"2026-07-03 11:58:08"}
{"level":"info","message":"[DEMO MODE] Auto-authenticated as dr.demo@isiqalo.co.za","timestamp":"2026-07-03 11:58:08"}
{"level":"info","message":"GET /api/patients - IP: ::1","timestamp":"2026-07-03 11:58:08"}
{"level":"info","message":"[DEMO MODE] Auto-authenticated as dr.demo@isiqalo.co.za","timestamp":"2026-07-03 11:58:08"}
{"level":"info","message":"POST /api/extract - IP: ::1","timestamp":"2026-07-03 11:58:16"}
{"level":"info","message":"[DEMO MODE] Auto-authenticated as dr.demo@isiqalo.co.za","timestamp":"2026-07-03 11:58:16"}
{"level":"info","message":{"action":"DATA_EXTRACTION","details":"Extracted 1 patient records in CSV format.","event":"SECURITY_AUDIT","ipAddress":"::1","timestamp":"2026-07-03T09:58:16.908Z","userAgent":"Mozilla/5.0 (Windows NT 10.0; Win64; x64) AppleWebKit/537.36 (KHTML, like Gecko) Chrome/149.0.0.0 Safari/537.36","userId":"demo-practitioner-001"},"timestamp":"2026-07-03 11:58:16"}
{"level":"info","message":"GET /api/patients - IP: ::1","timestamp":"2026-07-03 11:58:41"}
{"level":"info","message":"[DEMO MODE] Auto-authenticated as dr.demo@isiqalo.co.za","timestamp":"2026-07-03 11:58:41"}
{"level":"info","message":"GET /api/patients - IP: ::1","timestamp":"2026-07-03 11:58:41"}
{"level":"info","message":"[DEMO MODE] Auto-authenticated as dr.demo@isiqalo.co.za","timestamp":"2026-07-03 11:58:41"}
{"level":"info","message":"GET /api/patients/pat-e7f39ee7 - IP: ::1","timestamp":"2026-07-03 11:58:45"}
{"level":"info","message":"[DEMO MODE] Auto-authenticated as dr.demo@isiqalo.co.za","timestamp":"2026-07-03 11:58:45"}
{"level":"info","message":"GET /api/patients/pat-e7f39ee7/comments - IP: ::1","timestamp":"2026-07-03 11:58:45"}
{"level":"info","message":"[DEMO MODE] Auto-authenticated as dr.demo@isiqalo.co.za","timestamp":"2026-07-03 11:58:45"}
{"level":"info","message":"GET /api/patients/pat-e7f39ee7/documents/doc-167ef8e6/url - IP: ::1","timestamp":"2026-07-03 11:58:45"}
{"level":"info","message":"[DEMO MODE] Auto-authenticated as dr.demo@isiqalo.co.za","timestamp":"2026-07-03 11:58:45"}
{"level":"info","message":"GET /api/patients/pat-e7f39ee7/documents/doc-a56a3b7a/url - IP: ::1","timestamp":"2026-07-03 11:58:45"}
{"level":"info","message":"[DEMO MODE] Auto-authenticated as dr.demo@isiqalo.co.za","timestamp":"2026-07-03 11:58:45"}
{"level":"info","message":"GET /api/patients/pat-e7f39ee7/documents/doc-bd5d6f50/url - IP: ::1","timestamp":"2026-07-03 11:58:45"}
{"level":"info","message":"[DEMO MODE] Auto-authenticated as dr.demo@isiqalo.co.za","timestamp":"2026-07-03 11:58:45"}
{"level":"info","message":"GET /api/patients/pat-e7f39ee7/documents/doc-845ccef6/url - IP: ::1","timestamp":"2026-07-03 11:58:45"}
{"level":"info","message":"[DEMO MODE] Auto-authenticated as dr.demo@isiqalo.co.za","timestamp":"2026-07-03 11:58:45"}
{"level":"info","message":"GET /api/patients/pat-e7f39ee7/documents/doc-167ef8e6/url - IP: ::1","timestamp":"2026-07-03 11:58:45"}
{"level":"info","message":"[DEMO MODE] Auto-authenticated as dr.demo@isiqalo.co.za","timestamp":"2026-07-03 11:58:45"}
{"level":"info","message":"GET /api/patients/pat-e7f39ee7/documents/doc-a56a3b7a/url - IP: ::1","timestamp":"2026-07-03 11:58:45"}
{"level":"info","message":"[DEMO MODE] Auto-authenticated as dr.demo@isiqalo.co.za","timestamp":"2026-07-03 11:58:45"}
{"level":"info","message":"GET /api/patients/pat-e7f39ee7/documents/doc-bd5d6f50/url - IP: ::1","timestamp":"2026-07-03 11:58:45"}
{"level":"info","message":"[DEMO MODE] Auto-authenticated as dr.demo@isiqalo.co.za","timestamp":"2026-07-03 11:58:45"}
{"level":"info","message":"GET /api/patients/pat-e7f39ee7/documents/doc-845ccef6/url - IP: ::1","timestamp":"2026-07-03 11:58:45"}
{"level":"info","message":"[DEMO MODE] Auto-authenticated as dr.demo@isiqalo.co.za","timestamp":"2026-07-03 11:58:45"}
{"level":"info","message":"GET /api/patients - IP: ::1","timestamp":"2026-07-03 11:59:44"}
{"level":"info","message":"[DEMO MODE] Auto-authenticated as dr.demo@isiqalo.co.za","timestamp":"2026-07-03 11:59:44"}
{"level":"info","message":"GET /api/patients - IP: ::1","timestamp":"2026-07-03 11:59:44"}
{"level":"info","message":"[DEMO MODE] Auto-authenticated as dr.demo@isiqalo.co.za","timestamp":"2026-07-03 11:59:44"}
{"level":"info","message":"GET /api/patients - IP: ::1","timestamp":"2026-07-03 11:59:47"}
{"level":"info","message":"[DEMO MODE] Auto-authenticated as dr.demo@isiqalo.co.za","timestamp":"2026-07-03 11:59:47"}
{"level":"info","message":"GET /api/patients - IP: ::1","timestamp":"2026-07-03 11:59:47"}
{"level":"info","message":"[DEMO MODE] Auto-authenticated as dr.demo@isiqalo.co.za","timestamp":"2026-07-03 11:59:47"}
{"level":"info","message":"GET /api/extract/history - IP: ::1","timestamp":"2026-07-03 11:59:47"}
{"level":"info","message":"[DEMO MODE] Auto-authenticated as dr.demo@isiqalo.co.za","timestamp":"2026-07-03 11:59:47"}
{"level":"info","message":"GET /api/extract/history - IP: ::1","timestamp":"2026-07-03 11:59:47"}
{"level":"info","message":"[DEMO MODE] Auto-authenticated as dr.demo@isiqalo.co.za","timestamp":"2026-07-03 11:59:47"}
{"level":"info","message":"GET /api/patients - IP: ::1","timestamp":"2026-07-03 13:41:38"}
{"level":"info","message":"[DEMO MODE] Auto-authenticated as dr.demo@isiqalo.co.za","timestamp":"2026-07-03 13:41:38"}
{"level":"info","message":"GET /api/patients - IP: ::1","timestamp":"2026-07-03 13:41:38"}
{"level":"info","message":"[DEMO MODE] Auto-authenticated as dr.demo@isiqalo.co.za","timestamp":"2026-07-03 13:41:38"}
{"level":"info","message":"GET /api/patients/pat-e7f39ee7 - IP: ::1","timestamp":"2026-07-03 13:41:41"}
{"level":"info","message":"[DEMO MODE] Auto-authenticated as dr.demo@isiqalo.co.za","timestamp":"2026-07-03 13:41:41"}
{"level":"info","message":"GET /api/patients/pat-e7f39ee7/comments - IP: ::1","timestamp":"2026-07-03 13:41:41"}
{"level":"info","message":"[DEMO MODE] Auto-authenticated as dr.demo@isiqalo.co.za","timestamp":"2026-07-03 13:41:41"}
{"level":"info","message":"GET /api/patients/pat-e7f39ee7/documents/doc-bd5d6f50/url - IP: ::1","timestamp":"2026-07-03 13:41:41"}
{"level":"info","message":"[DEMO MODE] Auto-authenticated as dr.demo@isiqalo.co.za","timestamp":"2026-07-03 13:41:41"}
{"level":"info","message":"GET /api/patients/pat-e7f39ee7/documents/doc-845ccef6/url - IP: ::1","timestamp":"2026-07-03 13:41:41"}
{"level":"info","message":"[DEMO MODE] Auto-authenticated as dr.demo@isiqalo.co.za","timestamp":"2026-07-03 13:41:41"}
{"level":"info","message":"GET /api/patients/pat-e7f39ee7/documents/doc-167ef8e6/url - IP: ::1","timestamp":"2026-07-03 13:41:41"}
{"level":"info","message":"[DEMO MODE] Auto-authenticated as dr.demo@isiqalo.co.za","timestamp":"2026-07-03 13:41:41"}
{"level":"info","message":"GET /api/patients/pat-e7f39ee7/documents/doc-a56a3b7a/url - IP: ::1","timestamp":"2026-07-03 13:41:41"}
{"level":"info","message":"[DEMO MODE] Auto-authenticated as dr.demo@isiqalo.co.za","timestamp":"2026-07-03 13:41:41"}
{"level":"info","message":"GET /api/patients/pat-e7f39ee7/documents/doc-bd5d6f50/url - IP: ::1","timestamp":"2026-07-03 13:41:41"}
{"level":"info","message":"[DEMO MODE] Auto-authenticated as dr.demo@isiqalo.co.za","timestamp":"2026-07-03 13:41:41"}
{"level":"info","message":"GET /api/patients/pat-e7f39ee7/documents/doc-845ccef6/url - IP: ::1","timestamp":"2026-07-03 13:41:41"}
{"level":"info","message":"[DEMO MODE] Auto-authenticated as dr.demo@isiqalo.co.za","timestamp":"2026-07-03 13:41:41"}
{"level":"info","message":"GET /api/patients/pat-e7f39ee7/documents/doc-a56a3b7a/url - IP: ::1","timestamp":"2026-07-03 13:41:41"}
{"level":"info","message":"[DEMO MODE] Auto-authenticated as dr.demo@isiqalo.co.za","timestamp":"2026-07-03 13:41:41"}
{"level":"info","message":"GET /api/patients/pat-e7f39ee7/documents/doc-167ef8e6/url - IP: ::1","timestamp":"2026-07-03 13:41:41"}
{"level":"info","message":"[DEMO MODE] Auto-authenticated as dr.demo@isiqalo.co.za","timestamp":"2026-07-03 13:41:41"}
{"level":"info","message":"GET /api/patients - IP: ::1","timestamp":"2026-07-03 13:41:47"}
{"level":"info","message":"[DEMO MODE] Auto-authenticated as dr.demo@isiqalo.co.za","timestamp":"2026-07-03 13:41:47"}
{"level":"info","message":"GET /api/patients - IP: ::1","timestamp":"2026-07-03 13:41:47"}
{"level":"info","message":"[DEMO MODE] Auto-authenticated as dr.demo@isiqalo.co.za","timestamp":"2026-07-03 13:41:47"}
{"level":"info","message":"POST /api/extract - IP: ::1","timestamp":"2026-07-03 13:41:59"}
{"level":"info","message":"[DEMO MODE] Auto-authenticated as dr.demo@isiqalo.co.za","timestamp":"2026-07-03 13:41:59"}
{"level":"info","message":{"action":"DATA_EXTRACTION","details":"Extracted 1 patient records in PDF format.","event":"SECURITY_AUDIT","ipAddress":"::1","timestamp":"2026-07-03T11:41:59.479Z","userAgent":"Mozilla/5.0 (Windows NT 10.0; Win64; x64) AppleWebKit/537.36 (KHTML, like Gecko) Chrome/149.0.0.0 Safari/537.36","userId":"demo-practitioner-001"},"timestamp":"2026-07-03 13:41:59"}
{"level":"info","message":"GET /api/patients - IP: ::1","timestamp":"2026-07-03 13:42:25"}
{"level":"info","message":"[DEMO MODE] Auto-authenticated as dr.demo@isiqalo.co.za","timestamp":"2026-07-03 13:42:25"}
{"level":"info","message":"GET /api/patients - IP: ::1","timestamp":"2026-07-03 13:42:25"}
{"level":"info","message":"[DEMO MODE] Auto-authenticated as dr.demo@isiqalo.co.za","timestamp":"2026-07-03 13:42:25"}
{"level":"info","message":"GET /api/extract/history - IP: ::1","timestamp":"2026-07-03 13:42:25"}
{"level":"info","message":"[DEMO MODE] Auto-authenticated as dr.demo@isiqalo.co.za","timestamp":"2026-07-03 13:42:25"}
{"level":"info","message":"GET /api/extract/history - IP: ::1","timestamp":"2026-07-03 13:42:25"}
{"level":"info","message":"[DEMO MODE] Auto-authenticated as dr.demo@isiqalo.co.za","timestamp":"2026-07-03 13:42:25"}
{"level":"info","message":"GET /api/chats/users - IP: ::1","timestamp":"2026-07-03 13:42:52"}
{"level":"info","message":"[DEMO MODE] Auto-authenticated as dr.demo@isiqalo.co.za","timestamp":"2026-07-03 13:42:52"}
{"level":"info","message":"GET /api/chats/users - IP: ::1","timestamp":"2026-07-03 13:42:52"}
{"level":"info","message":"[DEMO MODE] Auto-authenticated as dr.demo@isiqalo.co.za","timestamp":"2026-07-03 13:42:52"}
{"level":"info","message":"GET /api/patients - IP: ::1","timestamp":"2026-07-03 13:42:53"}
{"level":"info","message":"[DEMO MODE] Auto-authenticated as dr.demo@isiqalo.co.za","timestamp":"2026-07-03 13:42:53"}
{"level":"info","message":"GET /api/patients - IP: ::1","timestamp":"2026-07-03 13:42:53"}
{"level":"info","message":"[DEMO MODE] Auto-authenticated as dr.demo@isiqalo.co.za","timestamp":"2026-07-03 13:42:53"}
{"level":"info","message":"GET /api/patients - IP: ::1","timestamp":"2026-07-03 13:42:55"}
{"level":"info","message":"[DEMO MODE] Auto-authenticated as dr.demo@isiqalo.co.za","timestamp":"2026-07-03 13:42:55"}
{"level":"info","message":"GET /api/patients - IP: ::1","timestamp":"2026-07-03 13:42:55"}
{"level":"info","message":"[DEMO MODE] Auto-authenticated as dr.demo@isiqalo.co.za","timestamp":"2026-07-03 13:42:55"}
{"level":"info","message":"GET /api/patients - IP: ::1","timestamp":"2026-07-03 13:42:57"}
{"level":"info","message":"[DEMO MODE] Auto-authenticated as dr.demo@isiqalo.co.za","timestamp":"2026-07-03 13:42:57"}
{"level":"info","message":"GET /api/patients - IP: ::1","timestamp":"2026-07-03 13:42:57"}
{"level":"info","message":"[DEMO MODE] Auto-authenticated as dr.demo@isiqalo.co.za","timestamp":"2026-07-03 13:42:57"}
{"level":"info","message":"GET /api/patients - IP: ::1","timestamp":"2026-07-03 13:43:01"}
{"level":"info","message":"[DEMO MODE] Auto-authenticated as dr.demo@isiqalo.co.za","timestamp":"2026-07-03 13:43:01"}
{"level":"info","message":"GET /api/patients - IP: ::1","timestamp":"2026-07-03 13:43:01"}
{"level":"info","message":"[DEMO MODE] Auto-authenticated as dr.demo@isiqalo.co.za","timestamp":"2026-07-03 13:43:01"}
{"level":"info","message":"GET /api/extract/history - IP: ::1","timestamp":"2026-07-03 13:43:01"}
{"level":"info","message":"[DEMO MODE] Auto-authenticated as dr.demo@isiqalo.co.za","timestamp":"2026-07-03 13:43:01"}
{"level":"info","message":"GET /api/extract/history - IP: ::1","timestamp":"2026-07-03 13:43:01"}
{"level":"info","message":"[DEMO MODE] Auto-authenticated as dr.demo@isiqalo.co.za","timestamp":"2026-07-03 13:43:01"}
{"level":"info","message":"GET /api/chats/users - IP: ::1","timestamp":"2026-07-03 13:43:03"}
{"level":"info","message":"[DEMO MODE] Auto-authenticated as dr.demo@isiqalo.co.za","timestamp":"2026-07-03 13:43:03"}
{"level":"info","message":"GET /api/chats/users - IP: ::1","timestamp":"2026-07-03 13:43:03"}
{"level":"info","message":"[DEMO MODE] Auto-authenticated as dr.demo@isiqalo.co.za","timestamp":"2026-07-03 13:43:03"}
{"level":"info","message":"GET /api/patients - IP: ::1","timestamp":"2026-07-03 21:15:41"}
{"level":"info","message":"[DEMO MODE] Auto-authenticated as dr.demo@isiqalo.co.za","timestamp":"2026-07-03 21:15:41"}
{"level":"info","message":"GET /api/patients - IP: ::1","timestamp":"2026-07-03 21:15:42"}
{"level":"info","message":"[DEMO MODE] Auto-authenticated as dr.demo@isiqalo.co.za","timestamp":"2026-07-03 21:15:42"}
{"level":"info","message":"GET /api/extract/history - IP: ::1","timestamp":"2026-07-03 21:15:42"}
{"level":"info","message":"[DEMO MODE] Auto-authenticated as dr.demo@isiqalo.co.za","timestamp":"2026-07-03 21:15:42"}
{"level":"info","message":"GET /api/extract/history - IP: ::1","timestamp":"2026-07-03 21:15:42"}
{"level":"info","message":"[DEMO MODE] Auto-authenticated as dr.demo@isiqalo.co.za","timestamp":"2026-07-03 21:15:42"}
{"level":"info","message":"POST /api/patients - IP: ::1","timestamp":"2026-07-03 21:28:52"}
{"level":"info","message":"[DEMO MODE] Auto-authenticated as dr.demo@isiqalo.co.za","timestamp":"2026-07-03 21:28:52"}
{"level":"info","message":{"action":"PATIENT_CREATED","details":"Patient created: pat-ba8c5419","event":"SECURITY_AUDIT","ipAddress":"::1","timestamp":"2026-07-03T19:28:52.522Z","userAgent":"Mozilla/5.0 (Windows NT 10.0; Win64; x64) AppleWebKit/537.36 (KHTML, like Gecko) Chrome/149.0.0.0 Safari/537.36","userId":"demo-practitioner-001"},"timestamp":"2026-07-03 21:28:52"}
{"level":"info","message":"POST /api/patients/pat-ba8c5419/documents - IP: ::1","timestamp":"2026-07-03 21:28:52"}
{"level":"info","message":"[DEMO MODE] Auto-authenticated as dr.demo@isiqalo.co.za","timestamp":"2026-07-03 21:28:52"}
{"level":"info","message":"GET /api/patients - IP: ::1","timestamp":"2026-07-03 21:28:54"}
{"level":"info","message":"[DEMO MODE] Auto-authenticated as dr.demo@isiqalo.co.za","timestamp":"2026-07-03 21:28:54"}
{"level":"info","message":"GET /api/patients - IP: ::1","timestamp":"2026-07-03 21:28:54"}
{"level":"info","message":"[DEMO MODE] Auto-authenticated as dr.demo@isiqalo.co.za","timestamp":"2026-07-03 21:28:54"}
{"level":"info","message":"GET /api/extract/history - IP: ::1","timestamp":"2026-07-03 21:28:54"}
{"level":"info","message":"[DEMO MODE] Auto-authenticated as dr.demo@isiqalo.co.za","timestamp":"2026-07-03 21:28:54"}
{"level":"info","message":"GET /api/extract/history - IP: ::1","timestamp":"2026-07-03 21:28:54"}
{"level":"info","message":"[DEMO MODE] Auto-authenticated as dr.demo@isiqalo.co.za","timestamp":"2026-07-03 21:28:54"}
{"level":"info","message":"GET /api/patients - IP: ::1","timestamp":"2026-07-03 21:28:56"}
{"level":"info","message":"[DEMO MODE] Auto-authenticated as dr.demo@isiqalo.co.za","timestamp":"2026-07-03 21:28:56"}
{"level":"info","message":"GET /api/patients - IP: ::1","timestamp":"2026-07-03 21:28:56"}
{"level":"info","message":"[DEMO MODE] Auto-authenticated as dr.demo@isiqalo.co.za","timestamp":"2026-07-03 21:28:56"}
{"level":"info","message":"GET /api/patients - IP: ::1","timestamp":"2026-07-03 21:28:59"}
{"level":"info","message":"[DEMO MODE] Auto-authenticated as dr.demo@isiqalo.co.za","timestamp":"2026-07-03 21:28:59"}
{"level":"info","message":"GET /api/patients - IP: ::1","timestamp":"2026-07-03 21:28:59"}
{"level":"info","message":"[DEMO MODE] Auto-authenticated as dr.demo@isiqalo.co.za","timestamp":"2026-07-03 21:28:59"}
{"level":"info","message":"GET /api/patients/pat-ba8c5419 - IP: ::1","timestamp":"2026-07-03 21:29:01"}
{"level":"info","message":"[DEMO MODE] Auto-authenticated as dr.demo@isiqalo.co.za","timestamp":"2026-07-03 21:29:01"}
{"level":"info","message":"GET /api/patients/pat-ba8c5419/comments - IP: ::1","timestamp":"2026-07-03 21:29:01"}
{"level":"info","message":"[DEMO MODE] Auto-authenticated as dr.demo@isiqalo.co.za","timestamp":"2026-07-03 21:29:01"}
{"level":"info","message":"GET /api/patients/pat-ba8c5419/documents/doc-c41d8896/url - IP: ::1","timestamp":"2026-07-03 21:29:01"}
{"level":"info","message":"[DEMO MODE] Auto-authenticated as dr.demo@isiqalo.co.za","timestamp":"2026-07-03 21:29:01"}
{"level":"info","message":"GET /api/patients/pat-ba8c5419/documents/doc-03dec70d/url - IP: ::1","timestamp":"2026-07-03 21:29:01"}
{"level":"info","message":"[DEMO MODE] Auto-authenticated as dr.demo@isiqalo.co.za","timestamp":"2026-07-03 21:29:01"}
{"level":"info","message":"GET /api/patients/pat-ba8c5419/documents/doc-28c862c7/url - IP: ::1","timestamp":"2026-07-03 21:29:01"}
{"level":"info","message":"[DEMO MODE] Auto-authenticated as dr.demo@isiqalo.co.za","timestamp":"2026-07-03 21:29:01"}
{"level":"info","message":"GET /api/patients/pat-ba8c5419/documents/doc-c358bc2b/url - IP: ::1","timestamp":"2026-07-03 21:29:01"}
{"level":"info","message":"[DEMO MODE] Auto-authenticated as dr.demo@isiqalo.co.za","timestamp":"2026-07-03 21:29:01"}
{"level":"info","message":"GET /api/patients/pat-ba8c5419/documents/doc-cf441b52/url - IP: ::1","timestamp":"2026-07-03 21:29:01"}
{"level":"info","message":"[DEMO MODE] Auto-authenticated as dr.demo@isiqalo.co.za","timestamp":"2026-07-03 21:29:01"}
{"level":"info","message":"GET /api/patients/pat-ba8c5419/documents/doc-c41d8896/url - IP: ::1","timestamp":"2026-07-03 21:29:01"}
{"level":"info","message":"[DEMO MODE] Auto-authenticated as dr.demo@isiqalo.co.za","timestamp":"2026-07-03 21:29:01"}
{"level":"info","message":"GET /api/patients/pat-ba8c5419/documents/doc-c358bc2b/url - IP: ::1","timestamp":"2026-07-03 21:29:01"}
{"level":"info","message":"[DEMO MODE] Auto-authenticated as dr.demo@isiqalo.co.za","timestamp":"2026-07-03 21:29:01"}
{"level":"info","message":"GET /api/patients/pat-ba8c5419/documents/doc-03dec70d/url - IP: ::1","timestamp":"2026-07-03 21:29:01"}
{"level":"info","message":"[DEMO MODE] Auto-authenticated as dr.demo@isiqalo.co.za","timestamp":"2026-07-03 21:29:01"}
{"level":"info","message":"GET /api/patients/pat-ba8c5419/documents/doc-28c862c7/url - IP: ::1","timestamp":"2026-07-03 21:29:01"}
{"level":"info","message":"[DEMO MODE] Auto-authenticated as dr.demo@isiqalo.co.za","timestamp":"2026-07-03 21:29:01"}
{"level":"info","message":"GET /api/patients/pat-ba8c5419/documents/doc-cf441b52/url - IP: ::1","timestamp":"2026-07-03 21:29:01"}
{"level":"info","message":"[DEMO MODE] Auto-authenticated as dr.demo@isiqalo.co.za","timestamp":"2026-07-03 21:29:01"}
{"level":"info","message":"GET /api/patients - IP: ::1","timestamp":"2026-07-03 21:29:14"}
{"level":"info","message":"[DEMO MODE] Auto-authenticated as dr.demo@isiqalo.co.za","timestamp":"2026-07-03 21:29:14"}
{"level":"info","message":"GET /api/patients - IP: ::1","timestamp":"2026-07-03 21:29:14"}
{"level":"info","message":"[DEMO MODE] Auto-authenticated as dr.demo@isiqalo.co.za","timestamp":"2026-07-03 21:29:14"}
{"level":"info","message":"GET /api/extract/history - IP: ::1","timestamp":"2026-07-03 21:29:14"}
{"level":"info","message":"[DEMO MODE] Auto-authenticated as dr.demo@isiqalo.co.za","timestamp":"2026-07-03 21:29:14"}
{"level":"info","message":"GET /api/extract/history - IP: ::1","timestamp":"2026-07-03 21:29:14"}
{"level":"info","message":"[DEMO MODE] Auto-authenticated as dr.demo@isiqalo.co.za","timestamp":"2026-07-03 21:29:14"}
{"level":"info","message":"POST /api/patients - IP: ::1","timestamp":"2026-07-03 21:34:51"}
{"level":"info","message":"[DEMO MODE] Auto-authenticated as dr.demo@isiqalo.co.za","timestamp":"2026-07-03 21:34:51"}
{"level":"info","message":{"action":"PATIENT_CREATED","details":"Patient created: pat-1f1d4555","event":"SECURITY_AUDIT","ipAddress":"::1","timestamp":"2026-07-03T19:34:51.570Z","userAgent":"Mozilla/5.0 (Windows NT 10.0; Win64; x64) AppleWebKit/537.36 (KHTML, like Gecko) Chrome/149.0.0.0 Safari/537.36","userId":"demo-practitioner-001"},"timestamp":"2026-07-03 21:34:51"}
{"level":"info","message":"POST /api/patients/pat-1f1d4555/documents - IP: ::1","timestamp":"2026-07-03 21:34:51"}
{"level":"info","message":"[DEMO MODE] Auto-authenticated as dr.demo@isiqalo.co.za","timestamp":"2026-07-03 21:34:51"}
{"level":"info","message":"POST /api/patients - IP: ::1","timestamp":"2026-07-03 21:40:58"}
{"level":"info","message":"[DEMO MODE] Auto-authenticated as dr.demo@isiqalo.co.za","timestamp":"2026-07-03 21:40:58"}
{"level":"info","message":{"action":"PATIENT_CREATED","details":"Patient created: pat-2d689309","event":"SECURITY_AUDIT","ipAddress":"::1","timestamp":"2026-07-03T19:40:58.160Z","userAgent":"Mozilla/5.0 (Windows NT 10.0; Win64; x64) AppleWebKit/537.36 (KHTML, like Gecko) Chrome/149.0.0.0 Safari/537.36","userId":"demo-practitioner-001"},"timestamp":"2026-07-03 21:40:58"}
{"level":"info","message":"POST /api/patients/pat-2d689309/documents - IP: ::1","timestamp":"2026-07-03 21:40:58"}
{"level":"info","message":"[DEMO MODE] Auto-authenticated as dr.demo@isiqalo.co.za","timestamp":"2026-07-03 21:40:58"}
{"level":"info","message":"GET /api/patients - IP: ::1","timestamp":"2026-07-03 21:41:00"}
{"level":"info","message":"[DEMO MODE] Auto-authenticated as dr.demo@isiqalo.co.za","timestamp":"2026-07-03 21:41:00"}
{"level":"info","message":"GET /api/patients - IP: ::1","timestamp":"2026-07-03 21:41:00"}
{"level":"info","message":"[DEMO MODE] Auto-authenticated as dr.demo@isiqalo.co.za","timestamp":"2026-07-03 21:41:00"}
{"level":"info","message":"GET /api/patients/pat-2d689309 - IP: ::1","timestamp":"2026-07-03 21:41:06"}
{"level":"info","message":"[DEMO MODE] Auto-authenticated as dr.demo@isiqalo.co.za","timestamp":"2026-07-03 21:41:06"}
{"level":"info","message":"GET /api/patients/pat-2d689309/comments - IP: ::1","timestamp":"2026-07-03 21:41:06"}
{"level":"info","message":"[DEMO MODE] Auto-authenticated as dr.demo@isiqalo.co.za","timestamp":"2026-07-03 21:41:06"}
{"level":"info","message":"GET /api/patients/pat-2d689309/documents/doc-1bc1bce8/url - IP: ::1","timestamp":"2026-07-03 21:41:06"}
{"level":"info","message":"[DEMO MODE] Auto-authenticated as dr.demo@isiqalo.co.za","timestamp":"2026-07-03 21:41:06"}
{"level":"info","message":"GET /api/patients/pat-2d689309/documents/doc-d3aa32fb/url - IP: ::1","timestamp":"2026-07-03 21:41:06"}
{"level":"info","message":"[DEMO MODE] Auto-authenticated as dr.demo@isiqalo.co.za","timestamp":"2026-07-03 21:41:06"}
{"level":"info","message":"GET /api/patients/pat-2d689309/documents/doc-ac7c6a30/url - IP: ::1","timestamp":"2026-07-03 21:41:06"}
{"level":"info","message":"[DEMO MODE] Auto-authenticated as dr.demo@isiqalo.co.za","timestamp":"2026-07-03 21:41:06"}
{"level":"info","message":"GET /api/patients/pat-2d689309/documents/doc-6b7d6f7d/url - IP: ::1","timestamp":"2026-07-03 21:41:06"}
{"level":"info","message":"[DEMO MODE] Auto-authenticated as dr.demo@isiqalo.co.za","timestamp":"2026-07-03 21:41:06"}
{"level":"info","message":"GET /api/patients/pat-2d689309/documents/doc-b0cf2199/url - IP: ::1","timestamp":"2026-07-03 21:41:06"}
{"level":"info","message":"[DEMO MODE] Auto-authenticated as dr.demo@isiqalo.co.za","timestamp":"2026-07-03 21:41:06"}
{"level":"info","message":"GET /api/patients/pat-2d689309/documents/doc-d3aa32fb/url - IP: ::1","timestamp":"2026-07-03 21:41:06"}
{"level":"info","message":"[DEMO MODE] Auto-authenticated as dr.demo@isiqalo.co.za","timestamp":"2026-07-03 21:41:06"}
{"level":"info","message":"GET /api/patients/pat-2d689309/documents/doc-1bc1bce8/url - IP: ::1","timestamp":"2026-07-03 21:41:06"}
{"level":"info","message":"[DEMO MODE] Auto-authenticated as dr.demo@isiqalo.co.za","timestamp":"2026-07-03 21:41:06"}
{"level":"info","message":"GET /api/patients/pat-2d689309/documents/doc-ac7c6a30/url - IP: ::1","timestamp":"2026-07-03 21:41:06"}
{"level":"info","message":"[DEMO MODE] Auto-authenticated as dr.demo@isiqalo.co.za","timestamp":"2026-07-03 21:41:06"}
{"level":"info","message":"GET /api/patients/pat-2d689309/documents/doc-6b7d6f7d/url - IP: ::1","timestamp":"2026-07-03 21:41:06"}
{"level":"info","message":"[DEMO MODE] Auto-authenticated as dr.demo@isiqalo.co.za","timestamp":"2026-07-03 21:41:06"}
{"level":"info","message":"GET /api/patients/pat-2d689309/documents/doc-b0cf2199/url - IP: ::1","timestamp":"2026-07-03 21:41:06"}
{"level":"info","message":"[DEMO MODE] Auto-authenticated as dr.demo@isiqalo.co.za","timestamp":"2026-07-03 21:41:06"}
{"level":"info","message":"POST /api/patients - IP: ::1","timestamp":"2026-07-03 21:47:22"}
{"level":"info","message":"[DEMO MODE] Auto-authenticated as dr.demo@isiqalo.co.za","timestamp":"2026-07-03 21:47:22"}
{"level":"info","message":{"action":"PATIENT_CREATED","details":"Patient created: pat-bd6b8b43","event":"SECURITY_AUDIT","ipAddress":"::1","timestamp":"2026-07-03T19:47:22.199Z","userAgent":"Mozilla/5.0 (Windows NT 10.0; Win64; x64) AppleWebKit/537.36 (KHTML, like Gecko) Chrome/149.0.0.0 Safari/537.36","userId":"demo-practitioner-001"},"timestamp":"2026-07-03 21:47:22"}
{"level":"info","message":"POST /api/patients/pat-bd6b8b43/documents - IP: ::1","timestamp":"2026-07-03 21:47:22"}
{"level":"info","message":"[DEMO MODE] Auto-authenticated as dr.demo@isiqalo.co.za","timestamp":"2026-07-03 21:47:22"}
{"level":"info","message":"GET /api/patients - IP: ::1","timestamp":"2026-07-03 21:47:25"}
{"level":"info","message":"[DEMO MODE] Auto-authenticated as dr.demo@isiqalo.co.za","timestamp":"2026-07-03 21:47:25"}
{"level":"info","message":"GET /api/patients - IP: ::1","timestamp":"2026-07-03 21:47:25"}
{"level":"info","message":"[DEMO MODE] Auto-authenticated as dr.demo@isiqalo.co.za","timestamp":"2026-07-03 21:47:25"}
{"level":"info","message":"GET /api/patients/pat-bd6b8b43 - IP: ::1","timestamp":"2026-07-03 21:47:27"}
{"level":"info","message":"[DEMO MODE] Auto-authenticated as dr.demo@isiqalo.co.za","timestamp":"2026-07-03 21:47:27"}
{"level":"info","message":"GET /api/patients/pat-bd6b8b43/comments - IP: ::1","timestamp":"2026-07-03 21:47:27"}
{"level":"info","message":"[DEMO MODE] Auto-authenticated as dr.demo@isiqalo.co.za","timestamp":"2026-07-03 21:47:27"}
{"level":"info","message":"GET /api/patients/pat-bd6b8b43/documents/doc-a30bc026/url - IP: ::1","timestamp":"2026-07-03 21:47:27"}
{"level":"info","message":"[DEMO MODE] Auto-authenticated as dr.demo@isiqalo.co.za","timestamp":"2026-07-03 21:47:27"}
{"level":"info","message":"GET /api/patients/pat-bd6b8b43/documents/doc-4664bed4/url - IP: ::1","timestamp":"2026-07-03 21:47:27"}
{"level":"info","message":"[DEMO MODE] Auto-authenticated as dr.demo@isiqalo.co.za","timestamp":"2026-07-03 21:47:27"}
{"level":"info","message":"GET /api/patients/pat-bd6b8b43/documents/doc-111ee6ac/url - IP: ::1","timestamp":"2026-07-03 21:47:27"}
{"level":"info","message":"[DEMO MODE] Auto-authenticated as dr.demo@isiqalo.co.za","timestamp":"2026-07-03 21:47:27"}
{"level":"info","message":"GET /api/patients/pat-bd6b8b43/documents/doc-b31a428a/url - IP: ::1","timestamp":"2026-07-03 21:47:27"}
{"level":"info","message":"[DEMO MODE] Auto-authenticated as dr.demo@isiqalo.co.za","timestamp":"2026-07-03 21:47:27"}
{"level":"info","message":"GET /api/patients/pat-bd6b8b43/documents/doc-dcdc2e39/url - IP: ::1","timestamp":"2026-07-03 21:47:27"}
{"level":"info","message":"[DEMO MODE] Auto-authenticated as dr.demo@isiqalo.co.za","timestamp":"2026-07-03 21:47:27"}
{"level":"info","message":"GET /api/patients/pat-bd6b8b43/documents/doc-a30bc026/url - IP: ::1","timestamp":"2026-07-03 21:47:27"}
{"level":"info","message":"[DEMO MODE] Auto-authenticated as dr.demo@isiqalo.co.za","timestamp":"2026-07-03 21:47:27"}
{"level":"info","message":"GET /api/patients/pat-bd6b8b43/documents/doc-111ee6ac/url - IP: ::1","timestamp":"2026-07-03 21:47:27"}
{"level":"info","message":"[DEMO MODE] Auto-authenticated as dr.demo@isiqalo.co.za","timestamp":"2026-07-03 21:47:27"}
{"level":"info","message":"GET /api/patients/pat-bd6b8b43/documents/doc-4664bed4/url - IP: ::1","timestamp":"2026-07-03 21:47:27"}
{"level":"info","message":"[DEMO MODE] Auto-authenticated as dr.demo@isiqalo.co.za","timestamp":"2026-07-03 21:47:27"}
{"level":"info","message":"GET /api/patients/pat-bd6b8b43/documents/doc-b31a428a/url - IP: ::1","timestamp":"2026-07-03 21:47:27"}
{"level":"info","message":"[DEMO MODE] Auto-authenticated as dr.demo@isiqalo.co.za","timestamp":"2026-07-03 21:47:27"}
{"level":"info","message":"GET /api/patients/pat-bd6b8b43/documents/doc-dcdc2e39/url - IP: ::1","timestamp":"2026-07-03 21:47:27"}
{"level":"info","message":"[DEMO MODE] Auto-authenticated as dr.demo@isiqalo.co.za","timestamp":"2026-07-03 21:47:27"}
{"level":"info","message":"POST /api/patients - IP: ::1","timestamp":"2026-07-03 21:53:20"}
{"level":"info","message":"[DEMO MODE] Auto-authenticated as dr.demo@isiqalo.co.za","timestamp":"2026-07-03 21:53:20"}
{"level":"info","message":{"action":"PATIENT_CREATED","details":"Patient created: pat-1be28f00","event":"SECURITY_AUDIT","ipAddress":"::1","timestamp":"2026-07-03T19:53:20.497Z","userAgent":"Mozilla/5.0 (Windows NT 10.0; Win64; x64) AppleWebKit/537.36 (KHTML, like Gecko) Chrome/149.0.0.0 Safari/537.36","userId":"demo-practitioner-001"},"timestamp":"2026-07-03 21:53:20"}
{"level":"info","message":"POST /api/patients/pat-1be28f00/documents - IP: ::1","timestamp":"2026-07-03 21:53:20"}
{"level":"info","message":"[DEMO MODE] Auto-authenticated as dr.demo@isiqalo.co.za","timestamp":"2026-07-03 21:53:20"}
{"level":"info","message":"GET /api/patients - IP: ::1","timestamp":"2026-07-03 21:53:22"}
{"level":"info","message":"[DEMO MODE] Auto-authenticated as dr.demo@isiqalo.co.za","timestamp":"2026-07-03 21:53:22"}
{"level":"info","message":"GET /api/patients - IP: ::1","timestamp":"2026-07-03 21:53:22"}
{"level":"info","message":"[DEMO MODE] Auto-authenticated as dr.demo@isiqalo.co.za","timestamp":"2026-07-03 21:53:22"}
{"level":"info","message":"GET /api/patients - IP: ::1","timestamp":"2026-07-03 21:53:25"}
{"level":"info","message":"[DEMO MODE] Auto-authenticated as dr.demo@isiqalo.co.za","timestamp":"2026-07-03 21:53:25"}
{"level":"info","message":"GET /api/patients - IP: ::1","timestamp":"2026-07-03 21:53:25"}
{"level":"info","message":"[DEMO MODE] Auto-authenticated as dr.demo@isiqalo.co.za","timestamp":"2026-07-03 21:53:25"}
{"level":"info","message":"GET /api/patients/pat-1be28f00 - IP: ::1","timestamp":"2026-07-03 21:53:30"}
{"level":"info","message":"[DEMO MODE] Auto-authenticated as dr.demo@isiqalo.co.za","timestamp":"2026-07-03 21:53:30"}
{"level":"info","message":"GET /api/patients/pat-1be28f00/comments - IP: ::1","timestamp":"2026-07-03 21:53:30"}
{"level":"info","message":"[DEMO MODE] Auto-authenticated as dr.demo@isiqalo.co.za","timestamp":"2026-07-03 21:53:30"}
{"level":"info","message":"GET /api/patients/pat-1be28f00/documents/doc-6d488ff9/url - IP: ::1","timestamp":"2026-07-03 21:53:30"}
{"level":"info","message":"[DEMO MODE] Auto-authenticated as dr.demo@isiqalo.co.za","timestamp":"2026-07-03 21:53:30"}
{"level":"info","message":"GET /api/patients/pat-1be28f00/documents/doc-c6ac263c/url - IP: ::1","timestamp":"2026-07-03 21:53:30"}
{"level":"info","message":"[DEMO MODE] Auto-authenticated as dr.demo@isiqalo.co.za","timestamp":"2026-07-03 21:53:30"}
{"level":"info","message":"GET /api/patients/pat-1be28f00/documents/doc-6d488ff9/url - IP: ::1","timestamp":"2026-07-03 21:53:30"}
{"level":"info","message":"[DEMO MODE] Auto-authenticated as dr.demo@isiqalo.co.za","timestamp":"2026-07-03 21:53:30"}
{"level":"info","message":"GET /api/patients/pat-1be28f00/documents/doc-c6ac263c/url - IP: ::1","timestamp":"2026-07-03 21:53:30"}
{"level":"info","message":"[DEMO MODE] Auto-authenticated as dr.demo@isiqalo.co.za","timestamp":"2026-07-03 21:53:30"}
{"level":"warn","message":"Encryption key was not 32 bytes. Derived a 32-byte key using SHA-256.","timestamp":"2026-07-03 21:59:17"}
{"level":"info","message":"Serving static files from C:\\Users\\CADCAM\\.antigravity-ide\\ISIQALO MED\\frontend\\dist","timestamp":"2026-07-03 21:59:18"}
{"level":"info","message":"Server successfully running on port 5000","timestamp":"2026-07-03 21:59:18"}
{"level":"info","message":"Connected to SQLite database at C:\\Users\\CADCAM\\.antigravity-ide\\ISIQALO MED\\backend\\data\\database.sqlite","timestamp":"2026-07-03 21:59:18"}
{"level":"info","message":"Database tables initialized successfully from isiqalo.sql","timestamp":"2026-07-03 21:59:18"}
{"level":"info","message":"GET /api/patients - IP: ::1","timestamp":"2026-07-03 21:59:38"}
{"level":"info","message":"[DEMO MODE] Auto-authenticated as dr.demo@isiqalo.co.za","timestamp":"2026-07-03 21:59:38"}
{"level":"info","message":"GET /api/patients - IP: ::1","timestamp":"2026-07-03 21:59:38"}
{"level":"info","message":"[DEMO MODE] Auto-authenticated as dr.demo@isiqalo.co.za","timestamp":"2026-07-03 21:59:38"}
{"level":"info","message":"GET /api/extract/history - IP: ::1","timestamp":"2026-07-03 21:59:38"}
{"level":"info","message":"[DEMO MODE] Auto-authenticated as dr.demo@isiqalo.co.za","timestamp":"2026-07-03 21:59:38"}
{"level":"info","message":"GET /api/extract/history - IP: ::1","timestamp":"2026-07-03 21:59:38"}
{"level":"info","message":"[DEMO MODE] Auto-authenticated as dr.demo@isiqalo.co.za","timestamp":"2026-07-03 21:59:38"}
{"level":"info","message":"GET /api/patients - IP: ::1","timestamp":"2026-07-03 21:59:47"}
{"level":"info","message":"[DEMO MODE] Auto-authenticated as dr.demo@isiqalo.co.za","timestamp":"2026-07-03 21:59:47"}
{"level":"info","message":"GET /api/patients - IP: ::1","timestamp":"2026-07-03 21:59:47"}
{"level":"info","message":"[DEMO MODE] Auto-authenticated as dr.demo@isiqalo.co.za","timestamp":"2026-07-03 21:59:47"}
{"level":"info","message":"GET /api/patients/pat-e7f39ee7 - IP: ::1","timestamp":"2026-07-03 22:02:47"}
{"level":"info","message":"[DEMO MODE] Auto-authenticated as dr.demo@isiqalo.co.za","timestamp":"2026-07-03 22:02:47"}
{"level":"info","message":"GET /api/patients/pat-e7f39ee7/comments - IP: ::1","timestamp":"2026-07-03 22:02:47"}
{"level":"info","message":"[DEMO MODE] Auto-authenticated as dr.demo@isiqalo.co.za","timestamp":"2026-07-03 22:02:47"}
{"level":"info","message":"GET /api/patients/pat-e7f39ee7/documents/doc-167ef8e6/url - IP: ::1","timestamp":"2026-07-03 22:02:47"}
{"level":"info","message":"[DEMO MODE] Auto-authenticated as dr.demo@isiqalo.co.za","timestamp":"2026-07-03 22:02:47"}
{"level":"info","message":"GET /api/patients/pat-e7f39ee7/documents/doc-a56a3b7a/url - IP: ::1","timestamp":"2026-07-03 22:02:47"}
{"level":"info","message":"[DEMO MODE] Auto-authenticated as dr.demo@isiqalo.co.za","timestamp":"2026-07-03 22:02:47"}
{"level":"info","message":"GET /api/patients/pat-e7f39ee7/documents/doc-bd5d6f50/url - IP: ::1","timestamp":"2026-07-03 22:02:47"}
{"level":"info","message":"[DEMO MODE] Auto-authenticated as dr.demo@isiqalo.co.za","timestamp":"2026-07-03 22:02:47"}
{"level":"info","message":"GET /api/patients/pat-e7f39ee7/documents/doc-845ccef6/url - IP: ::1","timestamp":"2026-07-03 22:02:47"}
{"level":"info","message":"[DEMO MODE] Auto-authenticated as dr.demo@isiqalo.co.za","timestamp":"2026-07-03 22:02:47"}
{"level":"info","message":"GET /api/patients/pat-e7f39ee7/documents/doc-167ef8e6/url - IP: ::1","timestamp":"2026-07-03 22:02:47"}
{"level":"info","message":"[DEMO MODE] Auto-authenticated as dr.demo@isiqalo.co.za","timestamp":"2026-07-03 22:02:47"}
{"level":"info","message":"GET /api/patients/pat-e7f39ee7/documents/doc-a56a3b7a/url - IP: ::1","timestamp":"2026-07-03 22:02:47"}
{"level":"info","message":"[DEMO MODE] Auto-authenticated as dr.demo@isiqalo.co.za","timestamp":"2026-07-03 22:02:47"}
{"level":"info","message":"GET /api/patients/pat-e7f39ee7/documents/doc-bd5d6f50/url - IP: ::1","timestamp":"2026-07-03 22:02:47"}
{"level":"info","message":"[DEMO MODE] Auto-authenticated as dr.demo@isiqalo.co.za","timestamp":"2026-07-03 22:02:47"}
{"level":"info","message":"GET /api/patients/pat-e7f39ee7/documents/doc-845ccef6/url - IP: ::1","timestamp":"2026-07-03 22:02:47"}
{"level":"info","message":"[DEMO MODE] Auto-authenticated as dr.demo@isiqalo.co.za","timestamp":"2026-07-03 22:02:47"}
{"level":"info","message":"GET /api/patients - IP: ::1","timestamp":"2026-07-03 22:03:30"}
{"level":"info","message":"[DEMO MODE] Auto-authenticated as dr.demo@isiqalo.co.za","timestamp":"2026-07-03 22:03:30"}
{"level":"info","message":"GET /api/patients - IP: ::1","timestamp":"2026-07-03 22:03:30"}
{"level":"info","message":"[DEMO MODE] Auto-authenticated as dr.demo@isiqalo.co.za","timestamp":"2026-07-03 22:03:30"}
{"level":"info","message":"POST /api/patients - IP: ::1","timestamp":"2026-07-03 22:10:53"}
{"level":"info","message":"[DEMO MODE] Auto-authenticated as dr.demo@isiqalo.co.za","timestamp":"2026-07-03 22:10:53"}
{"level":"info","message":{"action":"PATIENT_CREATED","details":"Patient created: pat-528eb7ab","event":"SECURITY_AUDIT","ipAddress":"::1","timestamp":"2026-07-03T20:10:53.282Z","userAgent":"Mozilla/5.0 (Windows NT 10.0; Win64; x64) AppleWebKit/537.36 (KHTML, like Gecko) Chrome/149.0.0.0 Safari/537.36","userId":"demo-practitioner-001"},"timestamp":"2026-07-03 22:10:53"}
{"level":"info","message":"POST /api/patients/pat-528eb7ab/documents - IP: ::1","timestamp":"2026-07-03 22:10:53"}
{"level":"info","message":"[DEMO MODE] Auto-authenticated as dr.demo@isiqalo.co.za","timestamp":"2026-07-03 22:10:53"}
{"level":"info","message":"GET /api/patients - IP: ::1","timestamp":"2026-07-03 22:10:55"}
{"level":"info","message":"[DEMO MODE] Auto-authenticated as dr.demo@isiqalo.co.za","timestamp":"2026-07-03 22:10:55"}
{"level":"info","message":"GET /api/patients - IP: ::1","timestamp":"2026-07-03 22:10:55"}
{"level":"info","message":"[DEMO MODE] Auto-authenticated as dr.demo@isiqalo.co.za","timestamp":"2026-07-03 22:10:55"}
{"level":"info","message":"GET /api/extract/history - IP: ::1","timestamp":"2026-07-03 22:10:55"}
{"level":"info","message":"[DEMO MODE] Auto-authenticated as dr.demo@isiqalo.co.za","timestamp":"2026-07-03 22:10:55"}
{"level":"info","message":"GET /api/extract/history - IP: ::1","timestamp":"2026-07-03 22:10:55"}
{"level":"info","message":"[DEMO MODE] Auto-authenticated as dr.demo@isiqalo.co.za","timestamp":"2026-07-03 22:10:55"}
{"level":"info","message":"GET /api/patients - IP: ::1","timestamp":"2026-07-03 22:10:58"}
{"level":"info","message":"[DEMO MODE] Auto-authenticated as dr.demo@isiqalo.co.za","timestamp":"2026-07-03 22:10:58"}
{"level":"info","message":"GET /api/patients - IP: ::1","timestamp":"2026-07-03 22:10:58"}
{"level":"info","message":"[DEMO MODE] Auto-authenticated as dr.demo@isiqalo.co.za","timestamp":"2026-07-03 22:10:58"}
{"level":"info","message":"GET /api/patients - IP: ::1","timestamp":"2026-07-03 22:10:59"}
{"level":"info","message":"[DEMO MODE] Auto-authenticated as dr.demo@isiqalo.co.za","timestamp":"2026-07-03 22:10:59"}
{"level":"info","message":"GET /api/patients - IP: ::1","timestamp":"2026-07-03 22:10:59"}
{"level":"info","message":"[DEMO MODE] Auto-authenticated as dr.demo@isiqalo.co.za","timestamp":"2026-07-03 22:10:59"}
{"level":"info","message":"GET /api/patients/pat-528eb7ab - IP: ::1","timestamp":"2026-07-03 22:11:01"}
{"level":"info","message":"[DEMO MODE] Auto-authenticated as dr.demo@isiqalo.co.za","timestamp":"2026-07-03 22:11:01"}
{"level":"info","message":"GET /api/patients/pat-528eb7ab/comments - IP: ::1","timestamp":"2026-07-03 22:11:01"}
{"level":"info","message":"[DEMO MODE] Auto-authenticated as dr.demo@isiqalo.co.za","timestamp":"2026-07-03 22:11:01"}
{"level":"info","message":"GET /api/patients/pat-528eb7ab/documents/doc-cb760140/url - IP: ::1","timestamp":"2026-07-03 22:11:01"}
{"level":"info","message":"[DEMO MODE] Auto-authenticated as dr.demo@isiqalo.co.za","timestamp":"2026-07-03 22:11:01"}
{"level":"info","message":"GET /api/patients/pat-528eb7ab/documents/doc-ced1c458/url - IP: ::1","timestamp":"2026-07-03 22:11:01"}
{"level":"info","message":"[DEMO MODE] Auto-authenticated as dr.demo@isiqalo.co.za","timestamp":"2026-07-03 22:11:01"}
{"level":"info","message":"GET /api/patients/pat-528eb7ab/documents/doc-cb760140/url - IP: ::1","timestamp":"2026-07-03 22:11:01"}
{"level":"info","message":"[DEMO MODE] Auto-authenticated as dr.demo@isiqalo.co.za","timestamp":"2026-07-03 22:11:01"}
{"level":"info","message":"GET /api/patients/pat-528eb7ab/documents/doc-ced1c458/url - IP: ::1","timestamp":"2026-07-03 22:11:01"}
{"level":"info","message":"[DEMO MODE] Auto-authenticated as dr.demo@isiqalo.co.za","timestamp":"2026-07-03 22:11:01"}
{"level":"info","message":"GET /api/patients/pat-528eb7ab - IP: ::1","timestamp":"2026-07-03 22:11:21"}
{"level":"info","message":"[DEMO MODE] Auto-authenticated as dr.demo@isiqalo.co.za","timestamp":"2026-07-03 22:11:21"}
{"level":"info","message":"GET /api/patients/pat-528eb7ab/comments - IP: ::1","timestamp":"2026-07-03 22:11:21"}
{"level":"info","message":"[DEMO MODE] Auto-authenticated as dr.demo@isiqalo.co.za","timestamp":"2026-07-03 22:11:21"}
{"level":"info","message":"GET /api/patients/pat-528eb7ab/documents/doc-cb760140/url - IP: ::1","timestamp":"2026-07-03 22:11:21"}
{"level":"info","message":"[DEMO MODE] Auto-authenticated as dr.demo@isiqalo.co.za","timestamp":"2026-07-03 22:11:21"}
{"level":"info","message":"GET /api/patients/pat-528eb7ab/documents/doc-ced1c458/url - IP: ::1","timestamp":"2026-07-03 22:11:21"}
{"level":"info","message":"[DEMO MODE] Auto-authenticated as dr.demo@isiqalo.co.za","timestamp":"2026-07-03 22:11:21"}
{"level":"info","message":"GET /api/patients/pat-528eb7ab/documents/doc-cb760140/url - IP: ::1","timestamp":"2026-07-03 22:11:21"}
{"level":"info","message":"[DEMO MODE] Auto-authenticated as dr.demo@isiqalo.co.za","timestamp":"2026-07-03 22:11:21"}
{"level":"info","message":"GET /api/patients/pat-528eb7ab/documents/doc-ced1c458/url - IP: ::1","timestamp":"2026-07-03 22:11:21"}
{"level":"info","message":"[DEMO MODE] Auto-authenticated as dr.demo@isiqalo.co.za","timestamp":"2026-07-03 22:11:21"}
{"level":"info","message":"GET /api/patients - IP: ::1","timestamp":"2026-07-03 22:25:23"}
{"level":"info","message":"[DEMO MODE] Auto-authenticated as dr.demo@isiqalo.co.za","timestamp":"2026-07-03 22:25:23"}
{"level":"info","message":"GET /api/patients - IP: ::1","timestamp":"2026-07-03 22:25:23"}
{"level":"info","message":"[DEMO MODE] Auto-authenticated as dr.demo@isiqalo.co.za","timestamp":"2026-07-03 22:25:23"}
{"level":"info","message":"GET /api/patients - IP: ::1","timestamp":"2026-07-03 22:25:25"}
{"level":"info","message":"[DEMO MODE] Auto-authenticated as dr.demo@isiqalo.co.za","timestamp":"2026-07-03 22:25:25"}
{"level":"info","message":"GET /api/patients - IP: ::1","timestamp":"2026-07-03 22:25:25"}
{"level":"info","message":"[DEMO MODE] Auto-authenticated as dr.demo@isiqalo.co.za","timestamp":"2026-07-03 22:25:25"}
{"level":"info","message":"GET /api/patients/pat-528eb7ab - IP: ::1","timestamp":"2026-07-03 22:25:28"}
{"level":"info","message":"[DEMO MODE] Auto-authenticated as dr.demo@isiqalo.co.za","timestamp":"2026-07-03 22:25:28"}
{"level":"info","message":"GET /api/patients/pat-528eb7ab/comments - IP: ::1","timestamp":"2026-07-03 22:25:28"}
{"level":"info","message":"[DEMO MODE] Auto-authenticated as dr.demo@isiqalo.co.za","timestamp":"2026-07-03 22:25:28"}
{"level":"info","message":"GET /api/patients/pat-528eb7ab/documents/doc-cb760140/url - IP: ::1","timestamp":"2026-07-03 22:25:28"}
{"level":"info","message":"[DEMO MODE] Auto-authenticated as dr.demo@isiqalo.co.za","timestamp":"2026-07-03 22:25:28"}
{"level":"info","message":"GET /api/patients/pat-528eb7ab/documents/doc-ced1c458/url - IP: ::1","timestamp":"2026-07-03 22:25:28"}
{"level":"info","message":"[DEMO MODE] Auto-authenticated as dr.demo@isiqalo.co.za","timestamp":"2026-07-03 22:25:28"}
{"level":"info","message":"GET /api/patients/pat-528eb7ab/documents/doc-ced1c458/url - IP: ::1","timestamp":"2026-07-03 22:25:28"}
{"level":"info","message":"[DEMO MODE] Auto-authenticated as dr.demo@isiqalo.co.za","timestamp":"2026-07-03 22:25:28"}
{"level":"info","message":"GET /api/patients/pat-528eb7ab/documents/doc-cb760140/url - IP: ::1","timestamp":"2026-07-03 22:25:28"}
{"level":"info","message":"[DEMO MODE] Auto-authenticated as dr.demo@isiqalo.co.za","timestamp":"2026-07-03 22:25:28"}
{"level":"info","message":"GET /api/patients - IP: ::1","timestamp":"2026-07-03 22:25:55"}
{"level":"info","message":"[DEMO MODE] Auto-authenticated as dr.demo@isiqalo.co.za","timestamp":"2026-07-03 22:25:55"}
{"level":"info","message":"GET /api/patients - IP: ::1","timestamp":"2026-07-03 22:25:55"}
{"level":"info","message":"[DEMO MODE] Auto-authenticated as dr.demo@isiqalo.co.za","timestamp":"2026-07-03 22:25:55"}
{"level":"info","message":"GET /api/patients - IP: ::1","timestamp":"2026-07-03 22:25:57"}
{"level":"info","message":"[DEMO MODE] Auto-authenticated as dr.demo@isiqalo.co.za","timestamp":"2026-07-03 22:25:57"}
{"level":"info","message":"GET /api/patients - IP: ::1","timestamp":"2026-07-03 22:25:57"}
{"level":"info","message":"[DEMO MODE] Auto-authenticated as dr.demo@isiqalo.co.za","timestamp":"2026-07-03 22:25:57"}
{"level":"info","message":"GET /api/patients/pat-ba8c5419 - IP: ::1","timestamp":"2026-07-03 22:26:03"}
{"level":"info","message":"[DEMO MODE] Auto-authenticated as dr.demo@isiqalo.co.za","timestamp":"2026-07-03 22:26:03"}
{"level":"info","message":"GET /api/patients/pat-ba8c5419/comments - IP: ::1","timestamp":"2026-07-03 22:26:03"}
{"level":"info","message":"[DEMO MODE] Auto-authenticated as dr.demo@isiqalo.co.za","timestamp":"2026-07-03 22:26:03"}
{"level":"info","message":"GET /api/patients/pat-ba8c5419/documents/doc-03dec70d/url - IP: ::1","timestamp":"2026-07-03 22:26:03"}
{"level":"info","message":"[DEMO MODE] Auto-authenticated as dr.demo@isiqalo.co.za","timestamp":"2026-07-03 22:26:03"}
{"level":"info","message":"GET /api/patients/pat-ba8c5419/documents/doc-c41d8896/url - IP: ::1","timestamp":"2026-07-03 22:26:03"}
{"level":"info","message":"[DEMO MODE] Auto-authenticated as dr.demo@isiqalo.co.za","timestamp":"2026-07-03 22:26:03"}
{"level":"info","message":"GET /api/patients/pat-ba8c5419/documents/doc-28c862c7/url - IP: ::1","timestamp":"2026-07-03 22:26:03"}
{"level":"info","message":"[DEMO MODE] Auto-authenticated as dr.demo@isiqalo.co.za","timestamp":"2026-07-03 22:26:03"}
{"level":"info","message":"GET /api/patients/pat-ba8c5419/documents/doc-c358bc2b/url - IP: ::1","timestamp":"2026-07-03 22:26:03"}
{"level":"info","message":"[DEMO MODE] Auto-authenticated as dr.demo@isiqalo.co.za","timestamp":"2026-07-03 22:26:03"}
{"level":"info","message":"GET /api/patients/pat-ba8c5419/documents/doc-cf441b52/url - IP: ::1","timestamp":"2026-07-03 22:26:03"}
{"level":"info","message":"[DEMO MODE] Auto-authenticated as dr.demo@isiqalo.co.za","timestamp":"2026-07-03 22:26:03"}
{"level":"info","message":"GET /api/patients/pat-ba8c5419/documents/doc-c358bc2b/url - IP: ::1","timestamp":"2026-07-03 22:26:03"}
{"level":"info","message":"[DEMO MODE] Auto-authenticated as dr.demo@isiqalo.co.za","timestamp":"2026-07-03 22:26:03"}
{"level":"info","message":"GET /api/patients/pat-ba8c5419/documents/doc-c41d8896/url - IP: ::1","timestamp":"2026-07-03 22:26:03"}
{"level":"info","message":"[DEMO MODE] Auto-authenticated as dr.demo@isiqalo.co.za","timestamp":"2026-07-03 22:26:03"}
{"level":"info","message":"GET /api/patients/pat-ba8c5419/documents/doc-28c862c7/url - IP: ::1","timestamp":"2026-07-03 22:26:03"}
{"level":"info","message":"[DEMO MODE] Auto-authenticated as dr.demo@isiqalo.co.za","timestamp":"2026-07-03 22:26:03"}
{"level":"info","message":"GET /api/patients/pat-ba8c5419/documents/doc-03dec70d/url - IP: ::1","timestamp":"2026-07-03 22:26:03"}
{"level":"info","message":"[DEMO MODE] Auto-authenticated as dr.demo@isiqalo.co.za","timestamp":"2026-07-03 22:26:03"}
{"level":"info","message":"GET /api/patients/pat-ba8c5419/documents/doc-cf441b52/url - IP: ::1","timestamp":"2026-07-03 22:26:03"}
{"level":"info","message":"[DEMO MODE] Auto-authenticated as dr.demo@isiqalo.co.za","timestamp":"2026-07-03 22:26:03"}
{"level":"info","message":"GET /api/patients - IP: ::1","timestamp":"2026-07-03 22:37:13"}
{"level":"info","message":"[DEMO MODE] Auto-authenticated as dr.demo@isiqalo.co.za","timestamp":"2026-07-03 22:37:13"}
{"level":"info","message":"GET /api/patients - IP: ::1","timestamp":"2026-07-03 22:37:13"}
{"level":"info","message":"[DEMO MODE] Auto-authenticated as dr.demo@isiqalo.co.za","timestamp":"2026-07-03 22:37:13"}
{"level":"info","message":"GET /api/extract/history - IP: ::1","timestamp":"2026-07-03 22:37:13"}
{"level":"info","message":"[DEMO MODE] Auto-authenticated as dr.demo@isiqalo.co.za","timestamp":"2026-07-03 22:37:13"}
{"level":"info","message":"GET /api/extract/history - IP: ::1","timestamp":"2026-07-03 22:37:13"}
{"level":"info","message":"[DEMO MODE] Auto-authenticated as dr.demo@isiqalo.co.za","timestamp":"2026-07-03 22:37:13"}
{"level":"info","message":"GET /api/patients - IP: ::1","timestamp":"2026-07-04 14:19:47"}
{"level":"info","message":"[DEMO MODE] Auto-authenticated as dr.demo@isiqalo.co.za","timestamp":"2026-07-04 14:19:47"}
{"level":"info","message":"GET /api/patients - IP: ::1","timestamp":"2026-07-04 14:19:47"}
{"level":"info","message":"[DEMO MODE] Auto-authenticated as dr.demo@isiqalo.co.za","timestamp":"2026-07-04 14:19:47"}
{"level":"info","message":"GET /api/extract/history - IP: ::1","timestamp":"2026-07-04 14:19:47"}
{"level":"info","message":"[DEMO MODE] Auto-authenticated as dr.demo@isiqalo.co.za","timestamp":"2026-07-04 14:19:47"}
{"level":"info","message":"GET /api/extract/history - IP: ::1","timestamp":"2026-07-04 14:19:47"}
{"level":"info","message":"[DEMO MODE] Auto-authenticated as dr.demo@isiqalo.co.za","timestamp":"2026-07-04 14:19:47"}
{"level":"info","message":"GET /api/patients - IP: ::1","timestamp":"2026-07-06 10:46:17"}
{"level":"info","message":"[DEMO MODE] Auto-authenticated as dr.demo@isiqalo.co.za","timestamp":"2026-07-06 10:46:17"}
{"level":"info","message":"GET /api/patients - IP: ::1","timestamp":"2026-07-06 10:46:17"}
{"level":"info","message":"[DEMO MODE] Auto-authenticated as dr.demo@isiqalo.co.za","timestamp":"2026-07-06 10:46:17"}
{"level":"info","message":"GET /api/extract/history - IP: ::1","timestamp":"2026-07-06 10:46:17"}
{"level":"info","message":"[DEMO MODE] Auto-authenticated as dr.demo@isiqalo.co.za","timestamp":"2026-07-06 10:46:17"}
{"level":"info","message":"GET /api/extract/history - IP: ::1","timestamp":"2026-07-06 10:46:17"}
{"level":"info","message":"[DEMO MODE] Auto-authenticated as dr.demo@isiqalo.co.za","timestamp":"2026-07-06 10:46:17"}
{"level":"info","message":"GET /api/patients - IP: ::1","timestamp":"2026-07-06 10:54:54"}
{"level":"info","message":"[DEMO MODE] Auto-authenticated as dr.demo@isiqalo.co.za","timestamp":"2026-07-06 10:54:54"}
{"level":"info","message":"GET /api/patients - IP: ::1","timestamp":"2026-07-06 10:54:54"}
{"level":"info","message":"[DEMO MODE] Auto-authenticated as dr.demo@isiqalo.co.za","timestamp":"2026-07-06 10:54:54"}
{"level":"info","message":"GET /api/patients/pat-528eb7ab - IP: ::1","timestamp":"2026-07-06 10:54:57"}
{"level":"info","message":"[DEMO MODE] Auto-authenticated as dr.demo@isiqalo.co.za","timestamp":"2026-07-06 10:54:57"}
{"level":"info","message":"GET /api/patients/pat-528eb7ab/comments - IP: ::1","timestamp":"2026-07-06 10:54:57"}
{"level":"info","message":"[DEMO MODE] Auto-authenticated as dr.demo@isiqalo.co.za","timestamp":"2026-07-06 10:54:57"}
{"level":"info","message":"GET /api/patients/pat-528eb7ab/documents/doc-cb760140/url - IP: ::1","timestamp":"2026-07-06 10:54:57"}
{"level":"info","message":"[DEMO MODE] Auto-authenticated as dr.demo@isiqalo.co.za","timestamp":"2026-07-06 10:54:57"}
{"level":"info","message":"GET /api/patients/pat-528eb7ab/documents/doc-ced1c458/url - IP: ::1","timestamp":"2026-07-06 10:54:57"}
{"level":"info","message":"[DEMO MODE] Auto-authenticated as dr.demo@isiqalo.co.za","timestamp":"2026-07-06 10:54:57"}
{"level":"info","message":"GET /api/patients/pat-528eb7ab/documents/doc-cb760140/url - IP: ::1","timestamp":"2026-07-06 10:54:57"}
{"level":"info","message":"[DEMO MODE] Auto-authenticated as dr.demo@isiqalo.co.za","timestamp":"2026-07-06 10:54:57"}
{"level":"info","message":"GET /api/patients/pat-528eb7ab/documents/doc-ced1c458/url - IP: ::1","timestamp":"2026-07-06 10:54:57"}
{"level":"info","message":"[DEMO MODE] Auto-authenticated as dr.demo@isiqalo.co.za","timestamp":"2026-07-06 10:54:57"}
{"level":"info","message":"GET /api/patients - IP: ::1","timestamp":"2026-07-06 10:55:27"}
{"level":"info","message":"[DEMO MODE] Auto-authenticated as dr.demo@isiqalo.co.za","timestamp":"2026-07-06 10:55:27"}
{"level":"info","message":"GET /api/patients - IP: ::1","timestamp":"2026-07-06 10:55:27"}
{"level":"info","message":"[DEMO MODE] Auto-authenticated as dr.demo@isiqalo.co.za","timestamp":"2026-07-06 10:55:27"}
{"level":"info","message":"GET /api/patients - IP: ::1","timestamp":"2026-07-06 11:39:22"}
{"level":"info","message":"[DEMO MODE] Auto-authenticated as dr.demo@isiqalo.co.za","timestamp":"2026-07-06 11:39:22"}
{"level":"info","message":"GET /api/patients - IP: ::1","timestamp":"2026-07-06 11:39:22"}
{"level":"info","message":"[DEMO MODE] Auto-authenticated as dr.demo@isiqalo.co.za","timestamp":"2026-07-06 11:39:22"}
{"level":"info","message":"GET /api/extract/history - IP: ::1","timestamp":"2026-07-06 11:39:22"}
{"level":"info","message":"[DEMO MODE] Auto-authenticated as dr.demo@isiqalo.co.za","timestamp":"2026-07-06 11:39:22"}
{"level":"info","message":"GET /api/extract/history - IP: ::1","timestamp":"2026-07-06 11:39:22"}
{"level":"info","message":"[DEMO MODE] Auto-authenticated as dr.demo@isiqalo.co.za","timestamp":"2026-07-06 11:39:22"}
{"level":"info","message":"GET /api/patients - IP: ::1","timestamp":"2026-07-06 12:44:26"}
{"level":"info","message":"[DEMO MODE] Auto-authenticated as dr.demo@isiqalo.co.za","timestamp":"2026-07-06 12:44:26"}
{"level":"info","message":"GET /api/patients - IP: ::1","timestamp":"2026-07-06 12:44:26"}
{"level":"info","message":"[DEMO MODE] Auto-authenticated as dr.demo@isiqalo.co.za","timestamp":"2026-07-06 12:44:26"}
{"level":"info","message":"GET /api/extract/history - IP: ::1","timestamp":"2026-07-06 12:44:26"}
{"level":"info","message":"[DEMO MODE] Auto-authenticated as dr.demo@isiqalo.co.za","timestamp":"2026-07-06 12:44:26"}
{"level":"info","message":"GET /api/extract/history - IP: ::1","timestamp":"2026-07-06 12:44:26"}
{"level":"info","message":"[DEMO MODE] Auto-authenticated as dr.demo@isiqalo.co.za","timestamp":"2026-07-06 12:44:26"}
{"level":"info","message":"GET /api/patients - IP: ::1","timestamp":"2026-07-06 13:56:06"}
{"level":"info","message":"[DEMO MODE] Auto-authenticated as dr.demo@isiqalo.co.za","timestamp":"2026-07-06 13:56:06"}
{"level":"info","message":"GET /api/patients - IP: ::1","timestamp":"2026-07-06 13:56:07"}
{"level":"info","message":"[DEMO MODE] Auto-authenticated as dr.demo@isiqalo.co.za","timestamp":"2026-07-06 13:56:07"}
{"level":"info","message":"GET /api/patients - IP: ::1","timestamp":"2026-07-06 13:57:51"}
{"level":"info","message":"[DEMO MODE] Auto-authenticated as dr.demo@isiqalo.co.za","timestamp":"2026-07-06 13:57:51"}
{"level":"info","message":"GET /api/patients - IP: ::1","timestamp":"2026-07-06 13:57:51"}
{"level":"info","message":"[DEMO MODE] Auto-authenticated as dr.demo@isiqalo.co.za","timestamp":"2026-07-06 13:57:51"}
{"level":"info","message":"GET /api/extract/history - IP: ::1","timestamp":"2026-07-06 13:57:51"}
{"level":"info","message":"[DEMO MODE] Auto-authenticated as dr.demo@isiqalo.co.za","timestamp":"2026-07-06 13:57:51"}
{"level":"info","message":"GET /api/extract/history - IP: ::1","timestamp":"2026-07-06 13:57:51"}
{"level":"info","message":"[DEMO MODE] Auto-authenticated as dr.demo@isiqalo.co.za","timestamp":"2026-07-06 13:57:51"}
{"level":"info","message":"GET /api/patients - IP: ::1","timestamp":"2026-07-06 13:57:58"}
{"level":"info","message":"[DEMO MODE] Auto-authenticated as dr.demo@isiqalo.co.za","timestamp":"2026-07-06 13:57:58"}
{"level":"info","message":"GET /api/patients - IP: ::1","timestamp":"2026-07-06 13:57:58"}
{"level":"info","message":"[DEMO MODE] Auto-authenticated as dr.demo@isiqalo.co.za","timestamp":"2026-07-06 13:57:58"}
{"level":"info","message":"GET /api/patients - IP: ::1","timestamp":"2026-07-06 13:57:59"}
{"level":"info","message":"[DEMO MODE] Auto-authenticated as dr.demo@isiqalo.co.za","timestamp":"2026-07-06 13:57:59"}
{"level":"info","message":"GET /api/patients - IP: ::1","timestamp":"2026-07-06 13:57:59"}
{"level":"info","message":"[DEMO MODE] Auto-authenticated as dr.demo@isiqalo.co.za","timestamp":"2026-07-06 13:57:59"}
{"level":"info","message":"GET /api/patients - IP: ::1","timestamp":"2026-07-06 13:58:01"}
{"level":"info","message":"[DEMO MODE] Auto-authenticated as dr.demo@isiqalo.co.za","timestamp":"2026-07-06 13:58:01"}
{"level":"info","message":"GET /api/patients - IP: ::1","timestamp":"2026-07-06 13:58:01"}
{"level":"info","message":"[DEMO MODE] Auto-authenticated as dr.demo@isiqalo.co.za","timestamp":"2026-07-06 13:58:01"}
{"level":"info","message":"GET /api/extract/history - IP: ::1","timestamp":"2026-07-06 13:58:01"}
{"level":"info","message":"[DEMO MODE] Auto-authenticated as dr.demo@isiqalo.co.za","timestamp":"2026-07-06 13:58:01"}
{"level":"info","message":"GET /api/extract/history - IP: ::1","timestamp":"2026-07-06 13:58:01"}
{"level":"info","message":"[DEMO MODE] Auto-authenticated as dr.demo@isiqalo.co.za","timestamp":"2026-07-06 13:58:01"}
{"level":"info","message":"GET /api/patients - IP: ::1","timestamp":"2026-07-06 13:58:02"}
{"level":"info","message":"[DEMO MODE] Auto-authenticated as dr.demo@isiqalo.co.za","timestamp":"2026-07-06 13:58:02"}
{"level":"info","message":"GET /api/patients - IP: ::1","timestamp":"2026-07-06 13:58:02"}
{"level":"info","message":"[DEMO MODE] Auto-authenticated as dr.demo@isiqalo.co.za","timestamp":"2026-07-06 13:58:02"}
{"level":"info","message":"GET /api/patients/pat-528eb7ab - IP: ::1","timestamp":"2026-07-06 13:58:04"}
{"level":"info","message":"[DEMO MODE] Auto-authenticated as dr.demo@isiqalo.co.za","timestamp":"2026-07-06 13:58:04"}
{"level":"info","message":"GET /api/patients/pat-528eb7ab/comments - IP: ::1","timestamp":"2026-07-06 13:58:04"}
{"level":"info","message":"[DEMO MODE] Auto-authenticated as dr.demo@isiqalo.co.za","timestamp":"2026-07-06 13:58:04"}
{"level":"info","message":"GET /api/patients/pat-528eb7ab/documents/doc-cb760140/url - IP: ::1","timestamp":"2026-07-06 13:58:04"}
{"level":"info","message":"[DEMO MODE] Auto-authenticated as dr.demo@isiqalo.co.za","timestamp":"2026-07-06 13:58:04"}
{"level":"info","message":"GET /api/patients/pat-528eb7ab/documents/doc-ced1c458/url - IP: ::1","timestamp":"2026-07-06 13:58:04"}
{"level":"info","message":"[DEMO MODE] Auto-authenticated as dr.demo@isiqalo.co.za","timestamp":"2026-07-06 13:58:04"}
{"level":"info","message":"GET /api/patients/pat-528eb7ab/documents/doc-cb760140/url - IP: ::1","timestamp":"2026-07-06 13:58:04"}
{"level":"info","message":"[DEMO MODE] Auto-authenticated as dr.demo@isiqalo.co.za","timestamp":"2026-07-06 13:58:04"}
{"level":"info","message":"GET /api/patients/pat-528eb7ab/documents/doc-ced1c458/url - IP: ::1","timestamp":"2026-07-06 13:58:04"}
{"level":"info","message":"[DEMO MODE] Auto-authenticated as dr.demo@isiqalo.co.za","timestamp":"2026-07-06 13:58:04"}
{"level":"info","message":"GET /api/patients - IP: ::1","timestamp":"2026-07-06 13:58:09"}
{"level":"info","message":"[DEMO MODE] Auto-authenticated as dr.demo@isiqalo.co.za","timestamp":"2026-07-06 13:58:09"}
{"level":"info","message":"GET /api/patients - IP: ::1","timestamp":"2026-07-06 13:58:09"}
{"level":"info","message":"[DEMO MODE] Auto-authenticated as dr.demo@isiqalo.co.za","timestamp":"2026-07-06 13:58:09"}
{"level":"info","message":"GET /api/extract/history - IP: ::1","timestamp":"2026-07-06 13:58:09"}
{"level":"info","message":"[DEMO MODE] Auto-authenticated as dr.demo@isiqalo.co.za","timestamp":"2026-07-06 13:58:09"}
{"level":"info","message":"GET /api/extract/history - IP: ::1","timestamp":"2026-07-06 13:58:09"}
{"level":"info","message":"[DEMO MODE] Auto-authenticated as dr.demo@isiqalo.co.za","timestamp":"2026-07-06 13:58:09"}
{"level":"info","message":"GET /api/patients - IP: ::1","timestamp":"2026-07-06 13:58:20"}
{"level":"info","message":"[DEMO MODE] Auto-authenticated as dr.demo@isiqalo.co.za","timestamp":"2026-07-06 13:58:20"}
{"level":"info","message":"GET /api/patients - IP: ::1","timestamp":"2026-07-06 13:58:20"}
{"level":"info","message":"[DEMO MODE] Auto-authenticated as dr.demo@isiqalo.co.za","timestamp":"2026-07-06 13:58:20"}
{"level":"info","message":"GET /api/patients - IP: ::1","timestamp":"2026-07-06 20:14:17"}
{"level":"info","message":"[DEMO MODE] Auto-authenticated as dr.demo@isiqalo.co.za","timestamp":"2026-07-06 20:14:17"}
{"level":"info","message":"GET /api/patients - IP: ::1","timestamp":"2026-07-06 20:14:17"}
{"level":"info","message":"[DEMO MODE] Auto-authenticated as dr.demo@isiqalo.co.za","timestamp":"2026-07-06 20:14:17"}
{"level":"info","message":"GET /api/extract/history - IP: ::1","timestamp":"2026-07-06 20:14:17"}
{"level":"info","message":"[DEMO MODE] Auto-authenticated as dr.demo@isiqalo.co.za","timestamp":"2026-07-06 20:14:17"}
{"level":"info","message":"GET /api/extract/history - IP: ::1","timestamp":"2026-07-06 20:14:17"}
{"level":"info","message":"[DEMO MODE] Auto-authenticated as dr.demo@isiqalo.co.za","timestamp":"2026-07-06 20:14:17"}
{"level":"info","message":"GET /api/patients - IP: ::1","timestamp":"2026-07-06 20:18:03"}
{"level":"info","message":"[DEMO MODE] Auto-authenticated as dr.demo@isiqalo.co.za","timestamp":"2026-07-06 20:18:03"}
{"level":"info","message":"GET /api/patients - IP: ::1","timestamp":"2026-07-06 20:18:03"}
{"level":"info","message":"[DEMO MODE] Auto-authenticated as dr.demo@isiqalo.co.za","timestamp":"2026-07-06 20:18:03"}
{"level":"info","message":"GET /api/patients - IP: ::1","timestamp":"2026-07-06 20:18:10"}
{"level":"info","message":"[DEMO MODE] Auto-authenticated as dr.demo@isiqalo.co.za","timestamp":"2026-07-06 20:18:10"}
{"level":"info","message":"GET /api/patients - IP: ::1","timestamp":"2026-07-06 20:18:10"}
{"level":"info","message":"[DEMO MODE] Auto-authenticated as dr.demo@isiqalo.co.za","timestamp":"2026-07-06 20:18:10"}
{"level":"info","message":"GET /api/extract/history - IP: ::1","timestamp":"2026-07-06 20:18:10"}
{"level":"info","message":"[DEMO MODE] Auto-authenticated as dr.demo@isiqalo.co.za","timestamp":"2026-07-06 20:18:10"}
{"level":"info","message":"GET /api/extract/history - IP: ::1","timestamp":"2026-07-06 20:18:10"}
{"level":"info","message":"[DEMO MODE] Auto-authenticated as dr.demo@isiqalo.co.za","timestamp":"2026-07-06 20:18:10"}
{"level":"info","message":"GET /api/patients - IP: ::1","timestamp":"2026-07-06 20:19:21"}
{"level":"info","message":"[DEMO MODE] Auto-authenticated as dr.demo@isiqalo.co.za","timestamp":"2026-07-06 20:19:21"}
{"level":"info","message":"GET /api/patients - IP: ::1","timestamp":"2026-07-06 20:19:21"}
{"level":"info","message":"[DEMO MODE] Auto-authenticated as dr.demo@isiqalo.co.za","timestamp":"2026-07-06 20:19:21"}
{"level":"info","message":"GET /api/patients - IP: ::1","timestamp":"2026-07-06 20:19:29"}
{"level":"info","message":"[DEMO MODE] Auto-authenticated as dr.demo@isiqalo.co.za","timestamp":"2026-07-06 20:19:29"}
{"level":"info","message":"GET /api/patients - IP: ::1","timestamp":"2026-07-06 20:19:29"}
{"level":"info","message":"[DEMO MODE] Auto-authenticated as dr.demo@isiqalo.co.za","timestamp":"2026-07-06 20:19:29"}
{"level":"info","message":"GET /api/patients - IP: ::1","timestamp":"2026-07-06 20:19:33"}
{"level":"info","message":"[DEMO MODE] Auto-authenticated as dr.demo@isiqalo.co.za","timestamp":"2026-07-06 20:19:33"}
{"level":"info","message":"GET /api/patients - IP: ::1","timestamp":"2026-07-06 20:19:33"}
{"level":"info","message":"[DEMO MODE] Auto-authenticated as dr.demo@isiqalo.co.za","timestamp":"2026-07-06 20:19:33"}
{"level":"info","message":"GET /api/patients - IP: ::1","timestamp":"2026-07-06 20:19:50"}
{"level":"info","message":"[DEMO MODE] Auto-authenticated as dr.demo@isiqalo.co.za","timestamp":"2026-07-06 20:19:50"}
{"level":"info","message":"GET /api/patients - IP: ::1","timestamp":"2026-07-06 20:19:50"}
{"level":"info","message":"[DEMO MODE] Auto-authenticated as dr.demo@isiqalo.co.za","timestamp":"2026-07-06 20:19:50"}
{"level":"info","message":"GET /api/extract/history - IP: ::1","timestamp":"2026-07-06 20:19:50"}
{"level":"info","message":"[DEMO MODE] Auto-authenticated as dr.demo@isiqalo.co.za","timestamp":"2026-07-06 20:19:50"}
{"level":"info","message":"GET /api/extract/history - IP: ::1","timestamp":"2026-07-06 20:19:50"}
{"level":"info","message":"[DEMO MODE] Auto-authenticated as dr.demo@isiqalo.co.za","timestamp":"2026-07-06 20:19:50"}
{"level":"info","message":"GET /api/patients - IP: ::1","timestamp":"2026-07-06 20:20:26"}
{"level":"info","message":"[DEMO MODE] Auto-authenticated as dr.demo@isiqalo.co.za","timestamp":"2026-07-06 20:20:26"}
{"level":"info","message":"GET /api/patients - IP: ::1","timestamp":"2026-07-06 20:20:26"}
{"level":"info","message":"[DEMO MODE] Auto-authenticated as dr.demo@isiqalo.co.za","timestamp":"2026-07-06 20:20:26"}
{"level":"info","message":"GET /api/patients - IP: ::1","timestamp":"2026-07-06 20:20:28"}
{"level":"info","message":"[DEMO MODE] Auto-authenticated as dr.demo@isiqalo.co.za","timestamp":"2026-07-06 20:20:28"}
{"level":"info","message":"GET /api/patients - IP: ::1","timestamp":"2026-07-06 20:20:28"}
{"level":"info","message":"[DEMO MODE] Auto-authenticated as dr.demo@isiqalo.co.za","timestamp":"2026-07-06 20:20:28"}
{"level":"info","message":"GET /api/patients - IP: ::1","timestamp":"2026-07-06 20:20:30"}
{"level":"info","message":"[DEMO MODE] Auto-authenticated as dr.demo@isiqalo.co.za","timestamp":"2026-07-06 20:20:30"}
{"level":"info","message":"GET /api/patients - IP: ::1","timestamp":"2026-07-06 20:20:30"}
{"level":"info","message":"[DEMO MODE] Auto-authenticated as dr.demo@isiqalo.co.za","timestamp":"2026-07-06 20:20:30"}
{"level":"info","message":"GET /api/settings/audit-logs - IP: ::1","timestamp":"2026-07-06 20:20:52"}
{"level":"info","message":"[DEMO MODE] Auto-authenticated as dr.demo@isiqalo.co.za","timestamp":"2026-07-06 20:20:52"}
{"level":"info","message":"GET /api/patients - IP: ::1","timestamp":"2026-07-06 20:21:18"}
{"level":"info","message":"[DEMO MODE] Auto-authenticated as dr.demo@isiqalo.co.za","timestamp":"2026-07-06 20:21:18"}
{"level":"info","message":"GET /api/patients - IP: ::1","timestamp":"2026-07-06 20:21:18"}
{"level":"info","message":"[DEMO MODE] Auto-authenticated as dr.demo@isiqalo.co.za","timestamp":"2026-07-06 20:21:18"}
{"level":"info","message":"GET /api/patients - IP: ::1","timestamp":"2026-07-06 20:21:19"}
{"level":"info","message":"[DEMO MODE] Auto-authenticated as dr.demo@isiqalo.co.za","timestamp":"2026-07-06 20:21:19"}
{"level":"info","message":"GET /api/patients - IP: ::1","timestamp":"2026-07-06 20:21:19"}
{"level":"info","message":"[DEMO MODE] Auto-authenticated as dr.demo@isiqalo.co.za","timestamp":"2026-07-06 20:21:19"}
{"level":"info","message":"POST /api/extract - IP: ::1","timestamp":"2026-07-06 20:21:50"}
{"level":"info","message":"[DEMO MODE] Auto-authenticated as dr.demo@isiqalo.co.za","timestamp":"2026-07-06 20:21:50"}
{"level":"info","message":{"action":"DATA_EXTRACTION","details":"Extracted 1 patient records in PDF format.","event":"SECURITY_AUDIT","ipAddress":"::1","timestamp":"2026-07-06T18:21:50.741Z","userAgent":"Mozilla/5.0 (Windows NT 10.0; Win64; x64) AppleWebKit/537.36 (KHTML, like Gecko) Chrome/149.0.0.0 Safari/537.36","userId":"demo-practitioner-001"},"timestamp":"2026-07-06 20:21:50"}
{"level":"info","message":"POST /api/extract - IP: ::1","timestamp":"2026-07-06 20:22:45"}
{"level":"info","message":"[DEMO MODE] Auto-authenticated as dr.demo@isiqalo.co.za","timestamp":"2026-07-06 20:22:45"}
{"level":"info","message":{"action":"DATA_EXTRACTION","details":"Extracted 1 patient records in PDF format.","event":"SECURITY_AUDIT","ipAddress":"::1","timestamp":"2026-07-06T18:22:45.050Z","userAgent":"Mozilla/5.0 (Windows NT 10.0; Win64; x64) AppleWebKit/537.36 (KHTML, like Gecko) Chrome/149.0.0.0 Safari/537.36","userId":"demo-practitioner-001"},"timestamp":"2026-07-06 20:22:45"}
{"level":"info","message":"GET /api/patients - IP: ::1","timestamp":"2026-07-06 20:23:15"}
{"level":"info","message":"[DEMO MODE] Auto-authenticated as dr.demo@isiqalo.co.za","timestamp":"2026-07-06 20:23:15"}
{"level":"info","message":"GET /api/patients - IP: ::1","timestamp":"2026-07-06 20:23:15"}
{"level":"info","message":"[DEMO MODE] Auto-authenticated as dr.demo@isiqalo.co.za","timestamp":"2026-07-06 20:23:15"}
{"level":"info","message":"GET /api/patients/pat-528eb7ab - IP: ::1","timestamp":"2026-07-06 20:23:21"}
{"level":"info","message":"[DEMO MODE] Auto-authenticated as dr.demo@isiqalo.co.za","timestamp":"2026-07-06 20:23:21"}
{"level":"info","message":"GET /api/patients/pat-528eb7ab/comments - IP: ::1","timestamp":"2026-07-06 20:23:21"}
{"level":"info","message":"[DEMO MODE] Auto-authenticated as dr.demo@isiqalo.co.za","timestamp":"2026-07-06 20:23:21"}
{"level":"info","message":"GET /api/patients/pat-528eb7ab/documents/doc-cb760140/url - IP: ::1","timestamp":"2026-07-06 20:23:21"}
{"level":"info","message":"[DEMO MODE] Auto-authenticated as dr.demo@isiqalo.co.za","timestamp":"2026-07-06 20:23:21"}
{"level":"info","message":"GET /api/patients/pat-528eb7ab/documents/doc-ced1c458/url - IP: ::1","timestamp":"2026-07-06 20:23:21"}
{"level":"info","message":"[DEMO MODE] Auto-authenticated as dr.demo@isiqalo.co.za","timestamp":"2026-07-06 20:23:21"}
{"level":"info","message":"GET /api/patients/pat-528eb7ab/documents/doc-cb760140/url - IP: ::1","timestamp":"2026-07-06 20:23:21"}
{"level":"info","message":"[DEMO MODE] Auto-authenticated as dr.demo@isiqalo.co.za","timestamp":"2026-07-06 20:23:21"}
{"level":"info","message":"GET /api/patients/pat-528eb7ab/documents/doc-ced1c458/url - IP: ::1","timestamp":"2026-07-06 20:23:21"}
{"level":"info","message":"[DEMO MODE] Auto-authenticated as dr.demo@isiqalo.co.za","timestamp":"2026-07-06 20:23:21"}
{"level":"info","message":"GET /api/patients - IP: ::1","timestamp":"2026-07-06 20:23:57"}
{"level":"info","message":"[DEMO MODE] Auto-authenticated as dr.demo@isiqalo.co.za","timestamp":"2026-07-06 20:23:57"}
{"level":"info","message":"GET /api/patients - IP: ::1","timestamp":"2026-07-06 20:23:57"}
{"level":"info","message":"[DEMO MODE] Auto-authenticated as dr.demo@isiqalo.co.za","timestamp":"2026-07-06 20:23:57"}
{"level":"info","message":"PUT /api/patients/pat-528eb7ab - IP: ::1","timestamp":"2026-07-06 20:24:27"}
{"level":"info","message":"[DEMO MODE] Auto-authenticated as dr.demo@isiqalo.co.za","timestamp":"2026-07-06 20:24:27"}
{"level":"info","message":"GET /api/patients - IP: ::1","timestamp":"2026-07-06 20:24:27"}
{"level":"info","message":"[DEMO MODE] Auto-authenticated as dr.demo@isiqalo.co.za","timestamp":"2026-07-06 20:24:27"}
{"level":"info","message":"DELETE /api/patients/pat-528eb7ab - IP: ::1","timestamp":"2026-07-06 20:24:33"}
{"level":"info","message":"[DEMO MODE] Auto-authenticated as dr.demo@isiqalo.co.za","timestamp":"2026-07-06 20:24:33"}
{"level":"info","message":"GET /api/patients - IP: ::1","timestamp":"2026-07-06 20:24:33"}
{"level":"info","message":"[DEMO MODE] Auto-authenticated as dr.demo@isiqalo.co.za","timestamp":"2026-07-06 20:24:33"}
{"level":"info","message":"GET /api/chats/users - IP: ::1","timestamp":"2026-07-06 20:24:39"}
{"level":"info","message":"[DEMO MODE] Auto-authenticated as dr.demo@isiqalo.co.za","timestamp":"2026-07-06 20:24:39"}
{"level":"info","message":"GET /api/chats/users - IP: ::1","timestamp":"2026-07-06 20:24:39"}
{"level":"info","message":"[DEMO MODE] Auto-authenticated as dr.demo@isiqalo.co.za","timestamp":"2026-07-06 20:24:39"}
{"level":"info","message":"GET /api/patients - IP: ::1","timestamp":"2026-07-06 20:24:46"}
{"level":"info","message":"[DEMO MODE] Auto-authenticated as dr.demo@isiqalo.co.za","timestamp":"2026-07-06 20:24:46"}
{"level":"info","message":"GET /api/patients - IP: ::1","timestamp":"2026-07-06 20:24:46"}
{"level":"info","message":"[DEMO MODE] Auto-authenticated as dr.demo@isiqalo.co.za","timestamp":"2026-07-06 20:24:46"}
{"level":"info","message":"GET /api/patients/pat-1be28f00 - IP: ::1","timestamp":"2026-07-06 20:24:48"}
{"level":"info","message":"[DEMO MODE] Auto-authenticated as dr.demo@isiqalo.co.za","timestamp":"2026-07-06 20:24:48"}
{"level":"info","message":"GET /api/patients/pat-1be28f00/comments - IP: ::1","timestamp":"2026-07-06 20:24:48"}
{"level":"info","message":"[DEMO MODE] Auto-authenticated as dr.demo@isiqalo.co.za","timestamp":"2026-07-06 20:24:48"}
{"level":"info","message":"GET /api/patients/pat-1be28f00/documents/doc-c6ac263c/url - IP: ::1","timestamp":"2026-07-06 20:24:48"}
{"level":"info","message":"[DEMO MODE] Auto-authenticated as dr.demo@isiqalo.co.za","timestamp":"2026-07-06 20:24:48"}
{"level":"info","message":"GET /api/patients/pat-1be28f00/documents/doc-6d488ff9/url - IP: ::1","timestamp":"2026-07-06 20:24:48"}
{"level":"info","message":"[DEMO MODE] Auto-authenticated as dr.demo@isiqalo.co.za","timestamp":"2026-07-06 20:24:48"}
{"level":"info","message":"GET /api/patients/pat-1be28f00/documents/doc-c6ac263c/url - IP: ::1","timestamp":"2026-07-06 20:24:48"}
{"level":"info","message":"[DEMO MODE] Auto-authenticated as dr.demo@isiqalo.co.za","timestamp":"2026-07-06 20:24:48"}
{"level":"info","message":"GET /api/patients/pat-1be28f00/documents/doc-6d488ff9/url - IP: ::1","timestamp":"2026-07-06 20:24:48"}
{"level":"info","message":"[DEMO MODE] Auto-authenticated as dr.demo@isiqalo.co.za","timestamp":"2026-07-06 20:24:48"}
{"level":"info","message":"GET /api/chats/users - IP: ::1","timestamp":"2026-07-06 20:25:52"}
{"level":"info","message":"[DEMO MODE] Auto-authenticated as dr.demo@isiqalo.co.za","timestamp":"2026-07-06 20:25:52"}
{"level":"info","message":"GET /api/chats/users - IP: ::1","timestamp":"2026-07-06 20:25:52"}
{"level":"info","message":"[DEMO MODE] Auto-authenticated as dr.demo@isiqalo.co.za","timestamp":"2026-07-06 20:25:52"}
{"level":"info","message":"GET /api/patients - IP: ::1","timestamp":"2026-07-06 20:28:43"}
{"level":"info","message":"[DEMO MODE] Auto-authenticated as dr.demo@isiqalo.co.za","timestamp":"2026-07-06 20:28:43"}
{"level":"info","message":"GET /api/patients - IP: ::1","timestamp":"2026-07-06 20:28:43"}
{"level":"info","message":"[DEMO MODE] Auto-authenticated as dr.demo@isiqalo.co.za","timestamp":"2026-07-06 20:28:43"}
{"level":"info","message":"GET /api/extract/history - IP: ::1","timestamp":"2026-07-06 20:28:43"}
{"level":"info","message":"[DEMO MODE] Auto-authenticated as dr.demo@isiqalo.co.za","timestamp":"2026-07-06 20:28:43"}
{"level":"info","message":"GET /api/extract/history - IP: ::1","timestamp":"2026-07-06 20:28:43"}
{"level":"info","message":"[DEMO MODE] Auto-authenticated as dr.demo@isiqalo.co.za","timestamp":"2026-07-06 20:28:43"}
{"level":"info","message":"GET /api/patients - IP: ::1","timestamp":"2026-07-06 20:29:02"}
{"level":"info","message":"[DEMO MODE] Auto-authenticated as dr.demo@isiqalo.co.za","timestamp":"2026-07-06 20:29:02"}
{"level":"info","message":"GET /api/patients - IP: ::1","timestamp":"2026-07-06 20:29:02"}
{"level":"info","message":"[DEMO MODE] Auto-authenticated as dr.demo@isiqalo.co.za","timestamp":"2026-07-06 20:29:02"}
{"level":"info","message":"GET /api/chats/users - IP: ::1","timestamp":"2026-07-06 20:29:21"}
{"level":"info","message":"[DEMO MODE] Auto-authenticated as dr.demo@isiqalo.co.za","timestamp":"2026-07-06 20:29:21"}
{"level":"info","message":"GET /api/chats/users - IP: ::1","timestamp":"2026-07-06 20:29:21"}
{"level":"info","message":"[DEMO MODE] Auto-authenticated as dr.demo@isiqalo.co.za","timestamp":"2026-07-06 20:29:21"}
{"level":"info","message":"GET /api/patients - IP: ::1","timestamp":"2026-07-06 20:29:23"}
{"level":"info","message":"[DEMO MODE] Auto-authenticated as dr.demo@isiqalo.co.za","timestamp":"2026-07-06 20:29:23"}
{"level":"info","message":"GET /api/patients - IP: ::1","timestamp":"2026-07-06 20:29:23"}
{"level":"info","message":"[DEMO MODE] Auto-authenticated as dr.demo@isiqalo.co.za","timestamp":"2026-07-06 20:29:23"}
{"level":"info","message":"GET /api/chats/users - IP: ::1","timestamp":"2026-07-06 20:29:25"}
{"level":"info","message":"[DEMO MODE] Auto-authenticated as dr.demo@isiqalo.co.za","timestamp":"2026-07-06 20:29:25"}
{"level":"info","message":"GET /api/chats/users - IP: ::1","timestamp":"2026-07-06 20:29:25"}
{"level":"info","message":"[DEMO MODE] Auto-authenticated as dr.demo@isiqalo.co.za","timestamp":"2026-07-06 20:29:25"}
{"level":"info","message":"GET /api/patients - IP: ::1","timestamp":"2026-07-06 20:29:26"}
{"level":"info","message":"[DEMO MODE] Auto-authenticated as dr.demo@isiqalo.co.za","timestamp":"2026-07-06 20:29:26"}
{"level":"info","message":"GET /api/patients - IP: ::1","timestamp":"2026-07-06 20:29:26"}
{"level":"info","message":"[DEMO MODE] Auto-authenticated as dr.demo@isiqalo.co.za","timestamp":"2026-07-06 20:29:26"}
{"level":"info","message":"GET /api/chats/users - IP: ::1","timestamp":"2026-07-06 20:29:28"}
{"level":"info","message":"[DEMO MODE] Auto-authenticated as dr.demo@isiqalo.co.za","timestamp":"2026-07-06 20:29:28"}
{"level":"info","message":"GET /api/chats/users - IP: ::1","timestamp":"2026-07-06 20:29:28"}
{"level":"info","message":"[DEMO MODE] Auto-authenticated as dr.demo@isiqalo.co.za","timestamp":"2026-07-06 20:29:28"}
{"level":"info","message":"GET /api/patients - IP: ::1","timestamp":"2026-07-06 20:29:29"}
{"level":"info","message":"[DEMO MODE] Auto-authenticated as dr.demo@isiqalo.co.za","timestamp":"2026-07-06 20:29:29"}
{"level":"info","message":"GET /api/patients - IP: ::1","timestamp":"2026-07-06 20:29:29"}
{"level":"info","message":"[DEMO MODE] Auto-authenticated as dr.demo@isiqalo.co.za","timestamp":"2026-07-06 20:29:29"}
{"level":"info","message":"GET /api/chats/users - IP: ::1","timestamp":"2026-07-06 20:29:30"}
{"level":"info","message":"[DEMO MODE] Auto-authenticated as dr.demo@isiqalo.co.za","timestamp":"2026-07-06 20:29:30"}
{"level":"info","message":"GET /api/chats/users - IP: ::1","timestamp":"2026-07-06 20:29:30"}
{"level":"info","message":"[DEMO MODE] Auto-authenticated as dr.demo@isiqalo.co.za","timestamp":"2026-07-06 20:29:30"}
{"level":"info","message":"GET /api/patients - IP: ::1","timestamp":"2026-07-06 20:29:31"}
{"level":"info","message":"[DEMO MODE] Auto-authenticated as dr.demo@isiqalo.co.za","timestamp":"2026-07-06 20:29:31"}
{"level":"info","message":"GET /api/patients - IP: ::1","timestamp":"2026-07-06 20:29:31"}
{"level":"info","message":"[DEMO MODE] Auto-authenticated as dr.demo@isiqalo.co.za","timestamp":"2026-07-06 20:29:31"}
{"level":"info","message":"GET /api/patients - IP: ::1","timestamp":"2026-07-06 20:31:41"}
{"level":"info","message":"[DEMO MODE] Auto-authenticated as dr.demo@isiqalo.co.za","timestamp":"2026-07-06 20:31:41"}
{"level":"info","message":"GET /api/patients - IP: ::1","timestamp":"2026-07-06 20:31:41"}
{"level":"info","message":"[DEMO MODE] Auto-authenticated as dr.demo@isiqalo.co.za","timestamp":"2026-07-06 20:31:41"}
{"level":"info","message":"POST /api/patients - IP: ::1","timestamp":"2026-07-06 20:35:08"}
{"level":"info","message":"[DEMO MODE] Auto-authenticated as dr.demo@isiqalo.co.za","timestamp":"2026-07-06 20:35:08"}
{"level":"info","message":{"action":"PATIENT_CREATED","details":"Patient created: pat-bedaeb6f","event":"SECURITY_AUDIT","ipAddress":"::1","timestamp":"2026-07-06T18:35:08.749Z","userAgent":"Mozilla/5.0 (Windows NT 10.0; Win64; x64) AppleWebKit/537.36 (KHTML, like Gecko) Chrome/149.0.0.0 Safari/537.36","userId":"demo-practitioner-001"},"timestamp":"2026-07-06 20:35:08"}
{"level":"info","message":"POST /api/patients/pat-bedaeb6f/documents - IP: ::1","timestamp":"2026-07-06 20:35:08"}
{"level":"info","message":"[DEMO MODE] Auto-authenticated as dr.demo@isiqalo.co.za","timestamp":"2026-07-06 20:35:08"}
{"level":"info","message":"GET /api/patients - IP: ::1","timestamp":"2026-07-06 20:35:18"}
{"level":"info","message":"[DEMO MODE] Auto-authenticated as dr.demo@isiqalo.co.za","timestamp":"2026-07-06 20:35:18"}
{"level":"info","message":"GET /api/patients - IP: ::1","timestamp":"2026-07-06 20:35:18"}
{"level":"info","message":"[DEMO MODE] Auto-authenticated as dr.demo@isiqalo.co.za","timestamp":"2026-07-06 20:35:18"}
{"level":"info","message":"GET /api/patients - IP: ::1","timestamp":"2026-07-06 20:35:52"}
{"level":"info","message":"[DEMO MODE] Auto-authenticated as dr.demo@isiqalo.co.za","timestamp":"2026-07-06 20:35:52"}
{"level":"info","message":"GET /api/patients - IP: ::1","timestamp":"2026-07-06 20:35:52"}
{"level":"info","message":"[DEMO MODE] Auto-authenticated as dr.demo@isiqalo.co.za","timestamp":"2026-07-06 20:35:52"}
{"level":"info","message":"DELETE /api/patients/pat-bedaeb6f - IP: ::1","timestamp":"2026-07-06 20:35:59"}
{"level":"info","message":"[DEMO MODE] Auto-authenticated as dr.demo@isiqalo.co.za","timestamp":"2026-07-06 20:35:59"}
{"level":"info","message":"GET /api/patients - IP: ::1","timestamp":"2026-07-06 20:35:59"}
{"level":"info","message":"[DEMO MODE] Auto-authenticated as dr.demo@isiqalo.co.za","timestamp":"2026-07-06 20:35:59"}
{"level":"info","message":"GET /api/patients - IP: ::1","timestamp":"2026-07-06 20:36:02"}
{"level":"info","message":"[DEMO MODE] Auto-authenticated as dr.demo@isiqalo.co.za","timestamp":"2026-07-06 20:36:02"}
{"level":"info","message":"GET /api/patients - IP: ::1","timestamp":"2026-07-06 20:36:02"}
{"level":"info","message":"[DEMO MODE] Auto-authenticated as dr.demo@isiqalo.co.za","timestamp":"2026-07-06 20:36:02"}
{"level":"info","message":"GET /api/patients/pat-ba8c5419 - IP: ::1","timestamp":"2026-07-06 20:36:06"}
{"level":"info","message":"[DEMO MODE] Auto-authenticated as dr.demo@isiqalo.co.za","timestamp":"2026-07-06 20:36:06"}
{"level":"info","message":"GET /api/patients/pat-ba8c5419/comments - IP: ::1","timestamp":"2026-07-06 20:36:06"}
{"level":"info","message":"[DEMO MODE] Auto-authenticated as dr.demo@isiqalo.co.za","timestamp":"2026-07-06 20:36:06"}
{"level":"info","message":"GET /api/patients/pat-ba8c5419/documents/doc-c358bc2b/url - IP: ::1","timestamp":"2026-07-06 20:36:06"}
{"level":"info","message":"[DEMO MODE] Auto-authenticated as dr.demo@isiqalo.co.za","timestamp":"2026-07-06 20:36:06"}
{"level":"info","message":"GET /api/patients/pat-ba8c5419/documents/doc-c41d8896/url - IP: ::1","timestamp":"2026-07-06 20:36:06"}
{"level":"info","message":"[DEMO MODE] Auto-authenticated as dr.demo@isiqalo.co.za","timestamp":"2026-07-06 20:36:06"}
{"level":"info","message":"GET /api/patients/pat-ba8c5419/documents/doc-03dec70d/url - IP: ::1","timestamp":"2026-07-06 20:36:06"}
{"level":"info","message":"[DEMO MODE] Auto-authenticated as dr.demo@isiqalo.co.za","timestamp":"2026-07-06 20:36:06"}
{"level":"info","message":"GET /api/patients/pat-ba8c5419/documents/doc-28c862c7/url - IP: ::1","timestamp":"2026-07-06 20:36:06"}
{"level":"info","message":"[DEMO MODE] Auto-authenticated as dr.demo@isiqalo.co.za","timestamp":"2026-07-06 20:36:06"}
{"level":"info","message":"GET /api/patients/pat-ba8c5419/documents/doc-cf441b52/url - IP: ::1","timestamp":"2026-07-06 20:36:06"}
{"level":"info","message":"[DEMO MODE] Auto-authenticated as dr.demo@isiqalo.co.za","timestamp":"2026-07-06 20:36:06"}
{"level":"info","message":"GET /api/patients/pat-ba8c5419/documents/doc-03dec70d/url - IP: ::1","timestamp":"2026-07-06 20:36:06"}
{"level":"info","message":"[DEMO MODE] Auto-authenticated as dr.demo@isiqalo.co.za","timestamp":"2026-07-06 20:36:06"}
{"level":"info","message":"GET /api/patients/pat-ba8c5419/documents/doc-28c862c7/url - IP: ::1","timestamp":"2026-07-06 20:36:06"}
{"level":"info","message":"[DEMO MODE] Auto-authenticated as dr.demo@isiqalo.co.za","timestamp":"2026-07-06 20:36:06"}
{"level":"info","message":"GET /api/patients/pat-ba8c5419/documents/doc-c358bc2b/url - IP: ::1","timestamp":"2026-07-06 20:36:06"}
{"level":"info","message":"[DEMO MODE] Auto-authenticated as dr.demo@isiqalo.co.za","timestamp":"2026-07-06 20:36:06"}
{"level":"info","message":"GET /api/patients/pat-ba8c5419/documents/doc-c41d8896/url - IP: ::1","timestamp":"2026-07-06 20:36:06"}
{"level":"info","message":"[DEMO MODE] Auto-authenticated as dr.demo@isiqalo.co.za","timestamp":"2026-07-06 20:36:06"}
{"level":"info","message":"GET /api/patients/pat-ba8c5419/documents/doc-cf441b52/url - IP: ::1","timestamp":"2026-07-06 20:36:06"}
{"level":"info","message":"[DEMO MODE] Auto-authenticated as dr.demo@isiqalo.co.za","timestamp":"2026-07-06 20:36:06"}
{"level":"info","message":"GET /api/patients - IP: ::1","timestamp":"2026-07-06 20:36:15"}
{"level":"info","message":"[DEMO MODE] Auto-authenticated as dr.demo@isiqalo.co.za","timestamp":"2026-07-06 20:36:15"}
{"level":"info","message":"GET /api/patients - IP: ::1","timestamp":"2026-07-06 20:36:15"}
{"level":"info","message":"[DEMO MODE] Auto-authenticated as dr.demo@isiqalo.co.za","timestamp":"2026-07-06 20:36:15"}
{"level":"info","message":"GET /api/settings/audit-logs - IP: ::1","timestamp":"2026-07-06 20:38:36"}
{"level":"info","message":"[DEMO MODE] Auto-authenticated as dr.demo@isiqalo.co.za","timestamp":"2026-07-06 20:38:36"}
{"level":"info","message":"GET /api/patients - IP: ::1","timestamp":"2026-07-06 20:42:15"}
{"level":"info","message":"[DEMO MODE] Auto-authenticated as dr.demo@isiqalo.co.za","timestamp":"2026-07-06 20:42:15"}
{"level":"info","message":"GET /api/patients - IP: ::1","timestamp":"2026-07-06 20:42:15"}
{"level":"info","message":"[DEMO MODE] Auto-authenticated as dr.demo@isiqalo.co.za","timestamp":"2026-07-06 20:42:15"}
{"level":"info","message":"GET /api/extract/history - IP: ::1","timestamp":"2026-07-06 20:42:15"}
{"level":"info","message":"[DEMO MODE] Auto-authenticated as dr.demo@isiqalo.co.za","timestamp":"2026-07-06 20:42:15"}
{"level":"info","message":"GET /api/extract/history - IP: ::1","timestamp":"2026-07-06 20:42:15"}
{"level":"info","message":"[DEMO MODE] Auto-authenticated as dr.demo@isiqalo.co.za","timestamp":"2026-07-06 20:42:15"}
{"level":"info","message":"GET /api/patients - IP: ::1","timestamp":"2026-07-06 21:00:47"}
{"level":"info","message":"[DEMO MODE] Auto-authenticated as dr.demo@isiqalo.co.za","timestamp":"2026-07-06 21:00:47"}
{"level":"info","message":"GET /api/patients - IP: ::1","timestamp":"2026-07-06 21:00:47"}
{"level":"info","message":"[DEMO MODE] Auto-authenticated as dr.demo@isiqalo.co.za","timestamp":"2026-07-06 21:00:47"}
{"level":"info","message":"GET /api/patients/pat-ba8c5419 - IP: ::1","timestamp":"2026-07-06 21:00:53"}
{"level":"info","message":"[DEMO MODE] Auto-authenticated as dr.demo@isiqalo.co.za","timestamp":"2026-07-06 21:00:53"}
{"level":"info","message":"GET /api/patients/pat-ba8c5419/comments - IP: ::1","timestamp":"2026-07-06 21:00:53"}
{"level":"info","message":"[DEMO MODE] Auto-authenticated as dr.demo@isiqalo.co.za","timestamp":"2026-07-06 21:00:53"}
{"level":"info","message":"GET /api/patients/pat-ba8c5419/documents/doc-03dec70d/url - IP: ::1","timestamp":"2026-07-06 21:00:53"}
{"level":"info","message":"[DEMO MODE] Auto-authenticated as dr.demo@isiqalo.co.za","timestamp":"2026-07-06 21:00:53"}
{"level":"info","message":"GET /api/patients/pat-ba8c5419/documents/doc-c41d8896/url - IP: ::1","timestamp":"2026-07-06 21:00:53"}
{"level":"info","message":"[DEMO MODE] Auto-authenticated as dr.demo@isiqalo.co.za","timestamp":"2026-07-06 21:00:53"}
{"level":"info","message":"GET /api/patients/pat-ba8c5419/documents/doc-28c862c7/url - IP: ::1","timestamp":"2026-07-06 21:00:53"}
{"level":"info","message":"[DEMO MODE] Auto-authenticated as dr.demo@isiqalo.co.za","timestamp":"2026-07-06 21:00:53"}
{"level":"info","message":"GET /api/patients/pat-ba8c5419/documents/doc-c358bc2b/url - IP: ::1","timestamp":"2026-07-06 21:00:53"}
{"level":"info","message":"[DEMO MODE] Auto-authenticated as dr.demo@isiqalo.co.za","timestamp":"2026-07-06 21:00:53"}
{"level":"info","message":"GET /api/patients/pat-ba8c5419/documents/doc-cf441b52/url - IP: ::1","timestamp":"2026-07-06 21:00:53"}
{"level":"info","message":"[DEMO MODE] Auto-authenticated as dr.demo@isiqalo.co.za","timestamp":"2026-07-06 21:00:53"}
{"level":"info","message":"GET /api/patients/pat-ba8c5419/documents/doc-03dec70d/url - IP: ::1","timestamp":"2026-07-06 21:00:53"}
{"level":"info","message":"[DEMO MODE] Auto-authenticated as dr.demo@isiqalo.co.za","timestamp":"2026-07-06 21:00:53"}
{"level":"info","message":"GET /api/patients/pat-ba8c5419/documents/doc-c358bc2b/url - IP: ::1","timestamp":"2026-07-06 21:00:53"}
{"level":"info","message":"[DEMO MODE] Auto-authenticated as dr.demo@isiqalo.co.za","timestamp":"2026-07-06 21:00:53"}
{"level":"info","message":"GET /api/patients/pat-ba8c5419/documents/doc-cf441b52/url - IP: ::1","timestamp":"2026-07-06 21:00:53"}
{"level":"info","message":"[DEMO MODE] Auto-authenticated as dr.demo@isiqalo.co.za","timestamp":"2026-07-06 21:00:53"}
{"level":"info","message":"GET /api/patients/pat-ba8c5419/documents/doc-28c862c7/url - IP: ::1","timestamp":"2026-07-06 21:00:53"}
{"level":"info","message":"[DEMO MODE] Auto-authenticated as dr.demo@isiqalo.co.za","timestamp":"2026-07-06 21:00:53"}
{"level":"info","message":"GET /api/patients/pat-ba8c5419/documents/doc-c41d8896/url - IP: ::1","timestamp":"2026-07-06 21:00:53"}
{"level":"info","message":"[DEMO MODE] Auto-authenticated as dr.demo@isiqalo.co.za","timestamp":"2026-07-06 21:00:53"}
{"level":"info","message":"GET /api/patients - IP: ::1","timestamp":"2026-07-06 21:00:57"}
{"level":"info","message":"[DEMO MODE] Auto-authenticated as dr.demo@isiqalo.co.za","timestamp":"2026-07-06 21:00:57"}
{"level":"info","message":"GET /api/patients - IP: ::1","timestamp":"2026-07-06 21:00:57"}
{"level":"info","message":"[DEMO MODE] Auto-authenticated as dr.demo@isiqalo.co.za","timestamp":"2026-07-06 21:00:57"}
{"level":"info","message":"GET /api/chats/users - IP: ::1","timestamp":"2026-07-06 21:07:59"}
{"level":"info","message":"[DEMO MODE] Auto-authenticated as dr.demo@isiqalo.co.za","timestamp":"2026-07-06 21:07:59"}
{"level":"info","message":"GET /api/chats/users - IP: ::1","timestamp":"2026-07-06 21:07:59"}
{"level":"info","message":"[DEMO MODE] Auto-authenticated as dr.demo@isiqalo.co.za","timestamp":"2026-07-06 21:07:59"}
{"level":"info","message":"GET /api/patients - IP: ::1","timestamp":"2026-07-06 21:08:41"}
{"level":"info","message":"[DEMO MODE] Auto-authenticated as dr.demo@isiqalo.co.za","timestamp":"2026-07-06 21:08:41"}
{"level":"info","message":"GET /api/patients - IP: ::1","timestamp":"2026-07-06 21:08:41"}
{"level":"info","message":"[DEMO MODE] Auto-authenticated as dr.demo@isiqalo.co.za","timestamp":"2026-07-06 21:08:41"}
{"level":"info","message":"GET /api/extract/history - IP: ::1","timestamp":"2026-07-06 21:08:41"}
{"level":"info","message":"[DEMO MODE] Auto-authenticated as dr.demo@isiqalo.co.za","timestamp":"2026-07-06 21:08:41"}
{"level":"info","message":"GET /api/extract/history - IP: ::1","timestamp":"2026-07-06 21:08:41"}
{"level":"info","message":"[DEMO MODE] Auto-authenticated as dr.demo@isiqalo.co.za","timestamp":"2026-07-06 21:08:41"}
{"level":"info","message":"GET /api/patients - IP: ::1","timestamp":"2026-07-06 22:19:52"}
{"level":"info","message":"[DEMO MODE] Auto-authenticated as dr.demo@isiqalo.co.za","timestamp":"2026-07-06 22:19:52"}
{"level":"info","message":"GET /api/patients - IP: ::1","timestamp":"2026-07-06 22:19:52"}
{"level":"info","message":"[DEMO MODE] Auto-authenticated as dr.demo@isiqalo.co.za","timestamp":"2026-07-06 22:19:52"}
{"level":"info","message":"GET /api/settings/audit-logs - IP: ::1","timestamp":"2026-07-06 22:19:52"}
{"level":"info","message":"[DEMO MODE] Auto-authenticated as dr.demo@isiqalo.co.za","timestamp":"2026-07-06 22:19:52"}
{"level":"info","message":"GET /api/settings/audit-logs - IP: ::1","timestamp":"2026-07-06 22:19:52"}
{"level":"info","message":"[DEMO MODE] Auto-authenticated as dr.demo@isiqalo.co.za","timestamp":"2026-07-06 22:19:52"}
{"level":"info","message":"GET /api/patients - IP: ::1","timestamp":"2026-07-06 22:19:54"}
{"level":"info","message":"[DEMO MODE] Auto-authenticated as dr.demo@isiqalo.co.za","timestamp":"2026-07-06 22:19:54"}
{"level":"info","message":"GET /api/patients - IP: ::1","timestamp":"2026-07-06 22:19:54"}
{"level":"info","message":"[DEMO MODE] Auto-authenticated as dr.demo@isiqalo.co.za","timestamp":"2026-07-06 22:19:54"}
{"level":"info","message":"GET /api/patients/pat-1be28f00 - IP: ::1","timestamp":"2026-07-06 22:19:55"}
{"level":"info","message":"[DEMO MODE] Auto-authenticated as dr.demo@isiqalo.co.za","timestamp":"2026-07-06 22:19:55"}
{"level":"info","message":"GET /api/patients/pat-1be28f00/comments - IP: ::1","timestamp":"2026-07-06 22:19:55"}
{"level":"info","message":"[DEMO MODE] Auto-authenticated as dr.demo@isiqalo.co.za","timestamp":"2026-07-06 22:19:55"}
{"level":"info","message":"GET /api/patients/pat-1be28f00/documents/doc-c6ac263c/url - IP: ::1","timestamp":"2026-07-06 22:19:55"}
{"level":"info","message":"[DEMO MODE] Auto-authenticated as dr.demo@isiqalo.co.za","timestamp":"2026-07-06 22:19:55"}
{"level":"info","message":"GET /api/patients/pat-1be28f00/documents/doc-6d488ff9/url - IP: ::1","timestamp":"2026-07-06 22:19:55"}
{"level":"info","message":"[DEMO MODE] Auto-authenticated as dr.demo@isiqalo.co.za","timestamp":"2026-07-06 22:19:55"}
{"level":"info","message":"GET /api/patients/pat-1be28f00/documents/doc-c6ac263c/url - IP: ::1","timestamp":"2026-07-06 22:19:55"}
{"level":"info","message":"[DEMO MODE] Auto-authenticated as dr.demo@isiqalo.co.za","timestamp":"2026-07-06 22:19:55"}
{"level":"info","message":"GET /api/patients/pat-1be28f00/documents/doc-6d488ff9/url - IP: ::1","timestamp":"2026-07-06 22:19:55"}
{"level":"info","message":"[DEMO MODE] Auto-authenticated as dr.demo@isiqalo.co.za","timestamp":"2026-07-06 22:19:55"}
{"level":"info","message":"POST /api/patients/pat-1be28f00/comments - IP: ::1","timestamp":"2026-07-06 22:21:48"}
{"level":"info","message":"[DEMO MODE] Auto-authenticated as dr.demo@isiqalo.co.za","timestamp":"2026-07-06 22:21:48"}
{"level":"info","message":"GET /api/patients/pat-1be28f00/comments - IP: ::1","timestamp":"2026-07-06 22:21:48"}
{"level":"info","message":"[DEMO MODE] Auto-authenticated as dr.demo@isiqalo.co.za","timestamp":"2026-07-06 22:21:48"}
{"level":"info","message":"GET /api/patients - IP: ::1","timestamp":"2026-07-06 22:22:03"}
{"level":"info","message":"[DEMO MODE] Auto-authenticated as dr.demo@isiqalo.co.za","timestamp":"2026-07-06 22:22:03"}
{"level":"info","message":"GET /api/patients - IP: ::1","timestamp":"2026-07-06 22:22:03"}
{"level":"info","message":"[DEMO MODE] Auto-authenticated as dr.demo@isiqalo.co.za","timestamp":"2026-07-06 22:22:03"}
{"level":"info","message":"GET /api/settings/audit-logs - IP: ::1","timestamp":"2026-07-06 22:22:03"}
{"level":"info","message":"[DEMO MODE] Auto-authenticated as dr.demo@isiqalo.co.za","timestamp":"2026-07-06 22:22:03"}
{"level":"info","message":"GET /api/settings/audit-logs - IP: ::1","timestamp":"2026-07-06 22:22:03"}
{"level":"info","message":"[DEMO MODE] Auto-authenticated as dr.demo@isiqalo.co.za","timestamp":"2026-07-06 22:22:03"}
{"level":"info","message":"GET /api/patients - IP: ::1","timestamp":"2026-07-07 12:21:09"}
{"level":"info","message":"[DEMO MODE] Auto-authenticated as dr.demo@isiqalo.co.za","timestamp":"2026-07-07 12:21:09"}
{"level":"info","message":"GET /api/patients - IP: ::1","timestamp":"2026-07-07 12:21:09"}
{"level":"info","message":"[DEMO MODE] Auto-authenticated as dr.demo@isiqalo.co.za","timestamp":"2026-07-07 12:21:09"}
{"level":"info","message":"GET /api/settings/audit-logs - IP: ::1","timestamp":"2026-07-07 12:21:09"}
{"level":"info","message":"[DEMO MODE] Auto-authenticated as dr.demo@isiqalo.co.za","timestamp":"2026-07-07 12:21:09"}
{"level":"info","message":"GET /api/settings/audit-logs - IP: ::1","timestamp":"2026-07-07 12:21:10"}
{"level":"info","message":"[DEMO MODE] Auto-authenticated as dr.demo@isiqalo.co.za","timestamp":"2026-07-07 12:21:10"}
{"level":"warn","message":"Encryption key was not 32 bytes. Derived a 32-byte key using SHA-256.","timestamp":"2026-07-07 13:39:08"}
{"level":"info","message":"Serving static files from C:\\Users\\CADCAM\\.antigravity-ide\\ISIQALO MED\\frontend\\dist","timestamp":"2026-07-07 13:39:10"}
{"level":"info","message":"Server successfully running on port 5000","timestamp":"2026-07-07 13:39:10"}
{"level":"info","message":"Connected to SQLite database at C:\\Users\\CADCAM\\.antigravity-ide\\ISIQALO MED\\backend\\data\\database.sqlite","timestamp":"2026-07-07 13:39:10"}
{"level":"info","message":"Database tables initialized successfully from isiqalo.sql","timestamp":"2026-07-07 13:39:10"}
{"level":"warn","message":"Encryption key was not 32 bytes. Derived a 32-byte key using SHA-256.","timestamp":"2026-07-07 13:39:22"}
{"level":"info","message":"Serving static files from C:\\Users\\CADCAM\\.antigravity-ide\\ISIQALO MED\\frontend\\dist","timestamp":"2026-07-07 13:39:23"}
{"level":"info","message":"Server successfully running on port 5000","timestamp":"2026-07-07 13:39:23"}
{"level":"info","message":"Connected to SQLite database at C:\\Users\\CADCAM\\.antigravity-ide\\ISIQALO MED\\backend\\data\\database.sqlite","timestamp":"2026-07-07 13:39:23"}
{"level":"info","message":"Database tables initialized successfully from isiqalo.sql","timestamp":"2026-07-07 13:39:23"}
{"level":"info","message":"GET /api/patients - IP: ::1","timestamp":"2026-07-07 13:43:08"}
{"level":"info","message":"[DEMO MODE] Auto-authenticated as dr.demo@isiqalo.co.za","timestamp":"2026-07-07 13:43:09"}
{"level":"info","message":"GET /api/patients - IP: ::1","timestamp":"2026-07-07 13:43:09"}
{"level":"info","message":"[DEMO MODE] Auto-authenticated as dr.demo@isiqalo.co.za","timestamp":"2026-07-07 13:43:09"}
{"level":"info","message":"GET /api/settings/audit-logs - IP: ::1","timestamp":"2026-07-07 13:43:09"}
{"level":"info","message":"[DEMO MODE] Auto-authenticated as dr.demo@isiqalo.co.za","timestamp":"2026-07-07 13:43:09"}
{"level":"info","message":"GET /api/settings/audit-logs - IP: ::1","timestamp":"2026-07-07 13:43:09"}
{"level":"info","message":"[DEMO MODE] Auto-authenticated as dr.demo@isiqalo.co.za","timestamp":"2026-07-07 13:43:09"}
{"level":"info","message":"GET /api/patients - IP: ::1","timestamp":"2026-07-07 13:43:10"}
{"level":"info","message":"[DEMO MODE] Auto-authenticated as dr.demo@isiqalo.co.za","timestamp":"2026-07-07 13:43:10"}
{"level":"info","message":"GET /api/patients - IP: ::1","timestamp":"2026-07-07 13:43:10"}
{"level":"info","message":"[DEMO MODE] Auto-authenticated as dr.demo@isiqalo.co.za","timestamp":"2026-07-07 13:43:10"}
{"level":"info","message":"GET /api/settings/audit-logs - IP: ::1","timestamp":"2026-07-07 13:43:10"}
{"level":"info","message":"[DEMO MODE] Auto-authenticated as dr.demo@isiqalo.co.za","timestamp":"2026-07-07 13:43:10"}
{"level":"info","message":"GET /api/settings/audit-logs - IP: ::1","timestamp":"2026-07-07 13:43:10"}
{"level":"info","message":"[DEMO MODE] Auto-authenticated as dr.demo@isiqalo.co.za","timestamp":"2026-07-07 13:43:10"}
{"level":"info","message":"GET /api/patients - IP: ::1","timestamp":"2026-07-07 13:43:24"}
{"level":"info","message":"[DEMO MODE] Auto-authenticated as dr.demo@isiqalo.co.za","timestamp":"2026-07-07 13:43:24"}
{"level":"info","message":"GET /api/patients - IP: ::1","timestamp":"2026-07-07 13:43:24"}
{"level":"info","message":"[DEMO MODE] Auto-authenticated as dr.demo@isiqalo.co.za","timestamp":"2026-07-07 13:43:24"}
{"level":"info","message":"GET /api/patients?medicalAid=d - IP: ::1","timestamp":"2026-07-07 13:43:36"}
{"level":"info","message":"[DEMO MODE] Auto-authenticated as dr.demo@isiqalo.co.za","timestamp":"2026-07-07 13:43:36"}
{"level":"info","message":"GET /api/patients?medicalAid=di - IP: ::1","timestamp":"2026-07-07 13:43:37"}
{"level":"info","message":"[DEMO MODE] Auto-authenticated as dr.demo@isiqalo.co.za","timestamp":"2026-07-07 13:43:37"}
{"level":"info","message":"GET /api/patients?medicalAid=dir - IP: ::1","timestamp":"2026-07-07 13:43:37"}
{"level":"info","message":"[DEMO MODE] Auto-authenticated as dr.demo@isiqalo.co.za","timestamp":"2026-07-07 13:43:37"}
{"level":"info","message":"GET /api/patients?medicalAid=di - IP: ::1","timestamp":"2026-07-07 13:43:38"}
{"level":"info","message":"[DEMO MODE] Auto-authenticated as dr.demo@isiqalo.co.za","timestamp":"2026-07-07 13:43:38"}
{"level":"info","message":"GET /api/patients?medicalAid=dis - IP: ::1","timestamp":"2026-07-07 13:43:38"}
{"level":"info","message":"[DEMO MODE] Auto-authenticated as dr.demo@isiqalo.co.za","timestamp":"2026-07-07 13:43:38"}
{"level":"info","message":"GET /api/patients?medicalAid=di - IP: ::1","timestamp":"2026-07-07 13:43:39"}
{"level":"info","message":"[DEMO MODE] Auto-authenticated as dr.demo@isiqalo.co.za","timestamp":"2026-07-07 13:43:39"}
{"level":"info","message":"GET /api/patients?medicalAid=d - IP: ::1","timestamp":"2026-07-07 13:43:39"}
{"level":"info","message":"[DEMO MODE] Auto-authenticated as dr.demo@isiqalo.co.za","timestamp":"2026-07-07 13:43:39"}
{"level":"info","message":"GET /api/patients - IP: ::1","timestamp":"2026-07-07 13:43:39"}
{"level":"info","message":"[DEMO MODE] Auto-authenticated as dr.demo@isiqalo.co.za","timestamp":"2026-07-07 13:43:39"}
{"level":"info","message":"GET /api/patients?medicineType=Orthopedic+Surgery - IP: ::1","timestamp":"2026-07-07 13:43:46"}
{"level":"info","message":"[DEMO MODE] Auto-authenticated as dr.demo@isiqalo.co.za","timestamp":"2026-07-07 13:43:46"}
{"level":"info","message":"GET /api/patients - IP: ::1","timestamp":"2026-07-07 13:43:53"}
{"level":"info","message":"[DEMO MODE] Auto-authenticated as dr.demo@isiqalo.co.za","timestamp":"2026-07-07 13:43:53"}
{"level":"info","message":"GET /api/patients?organisationName=n - IP: ::1","timestamp":"2026-07-07 13:44:02"}
{"level":"info","message":"[DEMO MODE] Auto-authenticated as dr.demo@isiqalo.co.za","timestamp":"2026-07-07 13:44:02"}
{"level":"info","message":"GET /api/patients?organisationName=ne - IP: ::1","timestamp":"2026-07-07 13:44:03"}
{"level":"info","message":"[DEMO MODE] Auto-authenticated as dr.demo@isiqalo.co.za","timestamp":"2026-07-07 13:44:03"}
{"level":"info","message":"GET /api/patients?organisationName=net - IP: ::1","timestamp":"2026-07-07 13:44:03"}
{"level":"info","message":"[DEMO MODE] Auto-authenticated as dr.demo@isiqalo.co.za","timestamp":"2026-07-07 13:44:03"}
{"level":"info","message":"GET /api/patients?organisationName=netc - IP: ::1","timestamp":"2026-07-07 13:44:04"}
{"level":"info","message":"[DEMO MODE] Auto-authenticated as dr.demo@isiqalo.co.za","timestamp":"2026-07-07 13:44:04"}
{"level":"info","message":"GET /api/patients?organisationName=netca - IP: ::1","timestamp":"2026-07-07 13:44:04"}
{"level":"info","message":"[DEMO MODE] Auto-authenticated as dr.demo@isiqalo.co.za","timestamp":"2026-07-07 13:44:04"}
{"level":"info","message":"GET /api/patients?organisationName=netcas - IP: ::1","timestamp":"2026-07-07 13:44:04"}
{"level":"info","message":"[DEMO MODE] Auto-authenticated as dr.demo@isiqalo.co.za","timestamp":"2026-07-07 13:44:04"}
{"level":"info","message":"GET /api/patients?organisationName=netca - IP: ::1","timestamp":"2026-07-07 13:44:05"}
{"level":"info","message":"[DEMO MODE] Auto-authenticated as dr.demo@isiqalo.co.za","timestamp":"2026-07-07 13:44:05"}
{"level":"info","message":"GET /api/patients?organisationName=netcar - IP: ::1","timestamp":"2026-07-07 13:44:05"}
{"level":"info","message":"[DEMO MODE] Auto-authenticated as dr.demo@isiqalo.co.za","timestamp":"2026-07-07 13:44:05"}
{"level":"info","message":"GET /api/patients?organisationName=netcare - IP: ::1","timestamp":"2026-07-07 13:44:05"}
{"level":"info","message":"[DEMO MODE] Auto-authenticated as dr.demo@isiqalo.co.za","timestamp":"2026-07-07 13:44:05"}
{"level":"info","message":"GET /api/patients?organisationName=netcar - IP: ::1","timestamp":"2026-07-07 13:44:06"}
{"level":"info","message":"[DEMO MODE] Auto-authenticated as dr.demo@isiqalo.co.za","timestamp":"2026-07-07 13:44:06"}
{"level":"info","message":"GET /api/patients?organisationName=netca - IP: ::1","timestamp":"2026-07-07 13:44:06"}
{"level":"info","message":"[DEMO MODE] Auto-authenticated as dr.demo@isiqalo.co.za","timestamp":"2026-07-07 13:44:06"}
{"level":"info","message":"GET /api/patients?organisationName=netc - IP: ::1","timestamp":"2026-07-07 13:44:06"}
{"level":"info","message":"[DEMO MODE] Auto-authenticated as dr.demo@isiqalo.co.za","timestamp":"2026-07-07 13:44:06"}
{"level":"info","message":"GET /api/patients?organisationName=net - IP: ::1","timestamp":"2026-07-07 13:44:06"}
{"level":"info","message":"[DEMO MODE] Auto-authenticated as dr.demo@isiqalo.co.za","timestamp":"2026-07-07 13:44:06"}
{"level":"info","message":"GET /api/patients?organisationName=ne - IP: ::1","timestamp":"2026-07-07 13:44:06"}
{"level":"info","message":"[DEMO MODE] Auto-authenticated as dr.demo@isiqalo.co.za","timestamp":"2026-07-07 13:44:06"}
{"level":"info","message":"GET /api/patients?organisationName=n - IP: ::1","timestamp":"2026-07-07 13:44:06"}
{"level":"info","message":"[DEMO MODE] Auto-authenticated as dr.demo@isiqalo.co.za","timestamp":"2026-07-07 13:44:06"}
{"level":"info","message":"GET /api/patients - IP: ::1","timestamp":"2026-07-07 13:44:06"}
{"level":"info","message":"[DEMO MODE] Auto-authenticated as dr.demo@isiqalo.co.za","timestamp":"2026-07-07 13:44:06"}
{"level":"info","message":"GET /api/patients - IP: ::1","timestamp":"2026-07-07 13:44:08"}
{"level":"info","message":"[DEMO MODE] Auto-authenticated as dr.demo@isiqalo.co.za","timestamp":"2026-07-07 13:44:08"}
{"level":"info","message":"GET /api/patients - IP: ::1","timestamp":"2026-07-07 13:44:08"}
{"level":"info","message":"[DEMO MODE] Auto-authenticated as dr.demo@isiqalo.co.za","timestamp":"2026-07-07 13:44:08"}
{"level":"info","message":"GET /api/patients - IP: ::1","timestamp":"2026-07-07 13:44:18"}
{"level":"info","message":"[DEMO MODE] Auto-authenticated as dr.demo@isiqalo.co.za","timestamp":"2026-07-07 13:44:18"}
{"level":"info","message":"GET /api/patients - IP: ::1","timestamp":"2026-07-07 13:44:18"}
{"level":"info","message":"[DEMO MODE] Auto-authenticated as dr.demo@isiqalo.co.za","timestamp":"2026-07-07 13:44:18"}
{"level":"info","message":"GET /api/patients - IP: ::1","timestamp":"2026-07-07 13:44:20"}
{"level":"info","message":"[DEMO MODE] Auto-authenticated as dr.demo@isiqalo.co.za","timestamp":"2026-07-07 13:44:20"}
{"level":"info","message":"GET /api/patients - IP: ::1","timestamp":"2026-07-07 13:44:20"}
{"level":"info","message":"[DEMO MODE] Auto-authenticated as dr.demo@isiqalo.co.za","timestamp":"2026-07-07 13:44:20"}
{"level":"info","message":"GET /api/patients - IP: ::1","timestamp":"2026-07-07 13:47:01"}
{"level":"info","message":"[DEMO MODE] Auto-authenticated as dr.demo@isiqalo.co.za","timestamp":"2026-07-07 13:47:01"}
{"level":"info","message":"GET /api/patients - IP: ::1","timestamp":"2026-07-07 13:47:01"}
{"level":"info","message":"[DEMO MODE] Auto-authenticated as dr.demo@isiqalo.co.za","timestamp":"2026-07-07 13:47:01"}
{"level":"info","message":"GET /api/patients - IP: ::1","timestamp":"2026-07-07 21:37:50"}
{"level":"info","message":"[DEMO MODE] Auto-authenticated as dr.demo@isiqalo.co.za","timestamp":"2026-07-07 21:37:50"}
{"level":"info","message":"GET /api/patients - IP: ::1","timestamp":"2026-07-07 21:37:50"}
{"level":"info","message":"[DEMO MODE] Auto-authenticated as dr.demo@isiqalo.co.za","timestamp":"2026-07-07 21:37:50"}
{"level":"info","message":"GET /api/settings/audit-logs - IP: ::1","timestamp":"2026-07-07 21:37:50"}
{"level":"info","message":"[DEMO MODE] Auto-authenticated as dr.demo@isiqalo.co.za","timestamp":"2026-07-07 21:37:50"}
{"level":"info","message":"GET /api/settings/audit-logs - IP: ::1","timestamp":"2026-07-07 21:37:50"}
{"level":"info","message":"[DEMO MODE] Auto-authenticated as dr.demo@isiqalo.co.za","timestamp":"2026-07-07 21:37:50"}
{"level":"info","message":"GET /api/patients - IP: ::1","timestamp":"2026-07-07 21:38:59"}
{"level":"info","message":"[DEMO MODE] Auto-authenticated as dr.demo@isiqalo.co.za","timestamp":"2026-07-07 21:38:59"}
{"level":"info","message":"GET /api/patients - IP: ::1","timestamp":"2026-07-07 21:38:59"}
{"level":"info","message":"[DEMO MODE] Auto-authenticated as dr.demo@isiqalo.co.za","timestamp":"2026-07-07 21:38:59"}
{"level":"info","message":"GET /api/patients - IP: ::1","timestamp":"2026-07-07 21:39:00"}
{"level":"info","message":"[DEMO MODE] Auto-authenticated as dr.demo@isiqalo.co.za","timestamp":"2026-07-07 21:39:00"}
{"level":"info","message":"GET /api/patients - IP: ::1","timestamp":"2026-07-07 21:39:00"}
{"level":"info","message":"[DEMO MODE] Auto-authenticated as dr.demo@isiqalo.co.za","timestamp":"2026-07-07 21:39:00"}
{"level":"info","message":"GET /api/settings/audit-logs - IP: ::1","timestamp":"2026-07-07 21:39:00"}
{"level":"info","message":"[DEMO MODE] Auto-authenticated as dr.demo@isiqalo.co.za","timestamp":"2026-07-07 21:39:00"}
{"level":"info","message":"GET /api/settings/audit-logs - IP: ::1","timestamp":"2026-07-07 21:39:00"}
{"level":"info","message":"[DEMO MODE] Auto-authenticated as dr.demo@isiqalo.co.za","timestamp":"2026-07-07 21:39:00"}
{"level":"warn","message":"Encryption key was not 32 bytes. Derived a 32-byte key using SHA-256.","timestamp":"2026-07-07 21:51:49"}
{"level":"info","message":"Serving static files from C:\\Users\\CADCAM\\.antigravity-ide\\ISIQALO MED\\frontend\\dist","timestamp":"2026-07-07 21:51:50"}
{"level":"info","message":"Server successfully running on port 5000","timestamp":"2026-07-07 21:51:51"}
{"level":"info","message":"Connected to SQLite database at C:\\Users\\CADCAM\\.antigravity-ide\\ISIQALO MED\\backend\\data\\database.sqlite","timestamp":"2026-07-07 21:51:51"}
{"level":"info","message":"Database tables initialized successfully from isiqalo.sql","timestamp":"2026-07-07 21:51:51"}
{"level":"warn","message":"Encryption key was not 32 bytes. Derived a 32-byte key using SHA-256.","timestamp":"2026-07-07 21:54:23"}
{"level":"info","message":"Serving static files from C:\\Users\\CADCAM\\.antigravity-ide\\ISIQALO MED\\frontend\\dist","timestamp":"2026-07-07 21:54:24"}
{"level":"info","message":"Server successfully running on port 5000","timestamp":"2026-07-07 21:54:24"}
{"level":"info","message":"Connected to SQLite database at C:\\Users\\CADCAM\\.antigravity-ide\\ISIQALO MED\\backend\\data\\database.sqlite","timestamp":"2026-07-07 21:54:24"}
{"level":"info","message":"Database tables initialized successfully from isiqalo.sql","timestamp":"2026-07-07 21:54:24"}
{"level":"warn","message":"Encryption key was not 32 bytes. Derived a 32-byte key using SHA-256.","timestamp":"2026-07-07 21:57:14"}
{"level":"info","message":"Serving static files from C:\\Users\\CADCAM\\.antigravity-ide\\ISIQALO MED\\frontend\\dist","timestamp":"2026-07-07 21:57:15"}
{"level":"info","message":"Server successfully running on port 5000","timestamp":"2026-07-07 21:57:15"}
{"level":"info","message":"Connected to SQLite database at C:\\Users\\CADCAM\\.antigravity-ide\\ISIQALO MED\\backend\\data\\database.sqlite","timestamp":"2026-07-07 21:57:15"}
{"level":"info","message":"Database tables initialized successfully from isiqalo.sql","timestamp":"2026-07-07 21:57:15"}
{"level":"info","message":"POST /api/auth/request-otp - IP: ::1","timestamp":"2026-07-07 21:58:55"}
{"level":"warn","message":"Encryption key was not 32 bytes. Derived a 32-byte key using SHA-256.","timestamp":"2026-07-07 22:02:02"}
{"level":"info","message":"Serving static files from C:\\Users\\CADCAM\\.antigravity-ide\\ISIQALO MED\\frontend\\dist","timestamp":"2026-07-07 22:02:02"}
{"level":"info","message":"Server successfully running on port 5000","timestamp":"2026-07-07 22:02:02"}
{"level":"info","message":"Connected to SQLite database at C:\\Users\\CADCAM\\.antigravity-ide\\ISIQALO MED\\backend\\data\\database.sqlite","timestamp":"2026-07-07 22:02:02"}
{"level":"info","message":"Database tables initialized successfully from isiqalo.sql","timestamp":"2026-07-07 22:02:02"}
{"level":"info","message":"POST /api/auth/login - IP: ::1","timestamp":"2026-07-07 22:03:05"}
{"level":"info","message":{"action":"USER_REGISTERED","details":"User registration via direct login: keshavpreethlal@gmail.com (practitioner)","event":"SECURITY_AUDIT","ipAddress":"::1","timestamp":"2026-07-07T20:03:05.333Z","userAgent":"Mozilla/5.0 (Windows NT 10.0; Win64; x64) AppleWebKit/537.36 (KHTML, like Gecko) Chrome/149.0.0.0 Safari/537.36","userId":"11ceab47-af7b-457c-bfba-3ad0cf0d44f6"},"timestamp":"2026-07-07 22:03:05"}
{"level":"info","message":{"action":"USER_LOGIN","details":"User logged in via direct login: keshavpreethlal@gmail.com","event":"SECURITY_AUDIT","ipAddress":"::1","timestamp":"2026-07-07T20:03:05.341Z","userAgent":"Mozilla/5.0 (Windows NT 10.0; Win64; x64) AppleWebKit/537.36 (KHTML, like Gecko) Chrome/149.0.0.0 Safari/537.36","userId":"11ceab47-af7b-457c-bfba-3ad0cf0d44f6"},"timestamp":"2026-07-07 22:03:05"}
{"level":"info","message":"GET /api/patients - IP: ::1","timestamp":"2026-07-07 22:03:05"}
{"level":"warn","message":"Authentication failed: Missing or malformed token header","timestamp":"2026-07-07 22:03:05"}
{"level":"info","message":"GET /api/patients - IP: ::1","timestamp":"2026-07-07 22:03:05"}
{"level":"warn","message":"Authentication failed: Missing or malformed token header","timestamp":"2026-07-07 22:03:05"}
{"level":"info","message":"GET /api/settings/audit-logs - IP: ::1","timestamp":"2026-07-07 22:03:14"}
{"level":"warn","message":"Authentication failed: Missing or malformed token header","timestamp":"2026-07-07 22:03:14"}
{"level":"info","message":"GET /api/patients - IP: ::1","timestamp":"2026-07-07 22:03:16"}
{"level":"warn","message":"Authentication failed: Missing or malformed token header","timestamp":"2026-07-07 22:03:16"}
{"level":"info","message":"GET /api/patients - IP: ::1","timestamp":"2026-07-07 22:03:16"}
{"level":"warn","message":"Authentication failed: Missing or malformed token header","timestamp":"2026-07-07 22:03:16"}
{"level":"info","message":"GET /api/patients - IP: ::1","timestamp":"2026-07-07 22:03:18"}
{"level":"warn","message":"Authentication failed: Missing or malformed token header","timestamp":"2026-07-07 22:03:18"}
{"level":"info","message":"GET /api/patients - IP: ::1","timestamp":"2026-07-07 22:03:19"}
{"level":"warn","message":"Authentication failed: Missing or malformed token header","timestamp":"2026-07-07 22:03:19"}
{"level":"info","message":"GET /api/patients - IP: ::1","timestamp":"2026-07-07 22:03:20"}
{"level":"warn","message":"Authentication failed: Missing or malformed token header","timestamp":"2026-07-07 22:03:20"}
{"level":"info","message":"GET /api/patients - IP: ::1","timestamp":"2026-07-07 22:03:20"}
{"level":"warn","message":"Authentication failed: Missing or malformed token header","timestamp":"2026-07-07 22:03:20"}
{"level":"info","message":"GET /api/patients - IP: ::1","timestamp":"2026-07-07 22:03:21"}
{"level":"warn","message":"Authentication failed: Missing or malformed token header","timestamp":"2026-07-07 22:03:21"}
{"level":"info","message":"GET /api/patients - IP: ::1","timestamp":"2026-07-07 22:03:21"}
{"level":"warn","message":"Authentication failed: Missing or malformed token header","timestamp":"2026-07-07 22:03:21"}
{"level":"info","message":"GET /api/patients - IP: ::1","timestamp":"2026-07-07 22:03:22"}
{"level":"warn","message":"Authentication failed: Missing or malformed token header","timestamp":"2026-07-07 22:03:22"}
{"level":"info","message":"GET /api/patients - IP: ::1","timestamp":"2026-07-07 22:03:22"}
{"level":"warn","message":"Authentication failed: Missing or malformed token header","timestamp":"2026-07-07 22:03:22"}
{"level":"info","message":"GET /api/patients - IP: ::1","timestamp":"2026-07-07 22:03:24"}
{"level":"warn","message":"Authentication failed: Missing or malformed token header","timestamp":"2026-07-07 22:03:24"}
{"level":"info","message":"GET /api/patients - IP: ::1","timestamp":"2026-07-07 22:03:24"}
{"level":"warn","message":"Authentication failed: Missing or malformed token header","timestamp":"2026-07-07 22:03:24"}
{"level":"info","message":"GET /api/chats/users - IP: ::1","timestamp":"2026-07-07 22:03:25"}
{"level":"warn","message":"Authentication failed: Missing or malformed token header","timestamp":"2026-07-07 22:03:25"}
{"level":"info","message":"GET /api/chats/users - IP: ::1","timestamp":"2026-07-07 22:03:25"}
{"level":"warn","message":"Authentication failed: Missing or malformed token header","timestamp":"2026-07-07 22:03:25"}
{"level":"info","message":"GET /api/patients - IP: ::1","timestamp":"2026-07-07 22:03:27"}
{"level":"warn","message":"Authentication failed: Missing or malformed token header","timestamp":"2026-07-07 22:03:27"}
{"level":"info","message":"GET /api/patients - IP: ::1","timestamp":"2026-07-07 22:03:27"}
{"level":"warn","message":"Authentication failed: Missing or malformed token header","timestamp":"2026-07-07 22:03:27"}
{"level":"info","message":"GET /api/auth/me - IP: ::1","timestamp":"2026-07-18 12:11:56"}
{"level":"warn","message":"Authentication failed: Missing or malformed token header","timestamp":"2026-07-18 12:11:56"}
{"level":"info","message":"GET /api/auth/me - IP: ::1","timestamp":"2026-07-18 12:11:56"}
{"level":"warn","message":"Authentication failed: Missing or malformed token header","timestamp":"2026-07-18 12:11:56"}
{"level":"info","message":"POST /api/auth/login - IP: ::1","timestamp":"2026-07-18 12:12:23"}
{"level":"info","message":{"action":"USER_LOGIN","details":"User logged in via direct login: keshavpreethlal@gmail.com","event":"SECURITY_AUDIT","ipAddress":"::1","timestamp":"2026-07-18T10:12:23.148Z","userAgent":"Mozilla/5.0 (Windows NT 10.0; Win64; x64) AppleWebKit/537.36 (KHTML, like Gecko) Chrome/149.0.0.0 Safari/537.36","userId":"11ceab47-af7b-457c-bfba-3ad0cf0d44f6"},"timestamp":"2026-07-18 12:12:23"}
{"level":"info","message":"GET /api/patients - IP: ::1","timestamp":"2026-07-18 12:12:23"}
{"level":"warn","message":"Authentication failed: Missing or malformed token header","timestamp":"2026-07-18 12:12:23"}
{"level":"info","message":"GET /api/patients - IP: ::1","timestamp":"2026-07-18 12:12:23"}
{"level":"warn","message":"Authentication failed: Missing or malformed token header","timestamp":"2026-07-18 12:12:23"}
{"level":"info","message":"GET /api/chats/users - IP: ::1","timestamp":"2026-07-18 12:13:47"}
{"level":"warn","message":"Authentication failed: Missing or malformed token header","timestamp":"2026-07-18 12:13:47"}
{"level":"info","message":"GET /api/chats/users - IP: ::1","timestamp":"2026-07-18 12:13:47"}
{"level":"warn","message":"Authentication failed: Missing or malformed token header","timestamp":"2026-07-18 12:13:47"}
{"level":"info","message":"GET /api/patients - IP: ::1","timestamp":"2026-07-18 12:14:18"}
{"level":"warn","message":"Authentication failed: Missing or malformed token header","timestamp":"2026-07-18 12:14:18"}
{"level":"info","message":"GET /api/patients - IP: ::1","timestamp":"2026-07-18 12:14:18"}
{"level":"warn","message":"Authentication failed: Missing or malformed token header","timestamp":"2026-07-18 12:14:18"}
{"level":"info","message":"GET /api/patients - IP: ::1","timestamp":"2026-07-18 12:14:22"}
{"level":"warn","message":"Authentication failed: Missing or malformed token header","timestamp":"2026-07-18 12:14:22"}
{"level":"info","message":"GET /api/patients - IP: ::1","timestamp":"2026-07-18 12:14:22"}
{"level":"warn","message":"Authentication failed: Missing or malformed token header","timestamp":"2026-07-18 12:14:22"}
{"level":"info","message":"GET /api/patients - IP: ::1","timestamp":"2026-07-18 12:14:31"}
{"level":"warn","message":"Authentication failed: Missing or malformed token header","timestamp":"2026-07-18 12:14:31"}
{"level":"info","message":"GET /api/patients - IP: ::1","timestamp":"2026-07-18 12:14:31"}
{"level":"warn","message":"Authentication failed: Missing or malformed token header","timestamp":"2026-07-18 12:14:31"}
{"level":"info","message":"GET /api/patients - IP: ::1","timestamp":"2026-07-18 12:14:39"}
{"level":"warn","message":"Authentication failed: Missing or malformed token header","timestamp":"2026-07-18 12:14:39"}
{"level":"info","message":"GET /api/patients - IP: ::1","timestamp":"2026-07-18 12:14:39"}
{"level":"warn","message":"Authentication failed: Missing or malformed token header","timestamp":"2026-07-18 12:14:39"}
{"level":"info","message":"GET /api/auth/me - IP: ::1","timestamp":"2026-07-20 11:58:53"}
{"level":"warn","message":"Authentication failed: Missing or malformed token header","timestamp":"2026-07-20 11:58:53"}
{"level":"info","message":"GET /api/auth/me - IP: ::1","timestamp":"2026-07-20 11:58:53"}
{"level":"warn","message":"Authentication failed: Missing or malformed token header","timestamp":"2026-07-20 11:58:53"}
{"level":"info","message":"POST /api/auth/login - IP: ::1","timestamp":"2026-07-20 12:01:46"}
{"level":"info","message":{"action":"USER_LOGIN","details":"User logged in via direct login: keshavpreethlal@gmail.com","event":"SECURITY_AUDIT","ipAddress":"::1","timestamp":"2026-07-20T10:01:46.453Z","userAgent":"Mozilla/5.0 (Windows NT 10.0; Win64; x64) AppleWebKit/537.36 (KHTML, like Gecko) Chrome/149.0.0.0 Safari/537.36","userId":"11ceab47-af7b-457c-bfba-3ad0cf0d44f6"},"timestamp":"2026-07-20 12:01:46"}
{"level":"info","message":"GET /api/patients - IP: ::1","timestamp":"2026-07-20 12:01:46"}
{"level":"warn","message":"Authentication failed: Missing or malformed token header","timestamp":"2026-07-20 12:01:46"}
{"level":"info","message":"GET /api/patients - IP: ::1","timestamp":"2026-07-20 12:01:46"}
{"level":"warn","message":"Authentication failed: Missing or malformed token header","timestamp":"2026-07-20 12:01:46"}
{"level":"info","message":"POST /api/patients - IP: ::1","timestamp":"2026-07-20 12:05:35"}
{"level":"warn","message":"Authentication failed: Missing or malformed token header","timestamp":"2026-07-20 12:05:35"}
{"level":"info","message":"POST /api/patients - IP: ::1","timestamp":"2026-07-20 12:05:53"}
{"level":"warn","message":"Authentication failed: Missing or malformed token header","timestamp":"2026-07-20 12:05:53"}
{"level":"info","message":"POST /api/patients - IP: ::1","timestamp":"2026-07-20 12:05:54"}
{"level":"warn","message":"Authentication failed: Missing or malformed token header","timestamp":"2026-07-20 12:05:54"}
{"level":"info","message":"GET /api/auth/me - IP: ::1","timestamp":"2026-07-22 11:13:31"}
{"level":"warn","message":"Authentication failed: Missing or malformed token header","timestamp":"2026-07-22 11:13:31"}
{"level":"info","message":"GET /api/auth/me - IP: ::1","timestamp":"2026-07-22 11:13:31"}
{"level":"warn","message":"Authentication failed: Missing or malformed token header","timestamp":"2026-07-22 11:13:31"}
{"level":"info","message":"POST /api/auth/login - IP: ::1","timestamp":"2026-07-22 11:13:51"}
{"level":"info","message":{"action":"USER_LOGIN","details":"User logged in via direct login: keshavpreethlal@gmail.com","event":"SECURITY_AUDIT","ipAddress":"::1","timestamp":"2026-07-22T09:13:51.695Z","userAgent":"Mozilla/5.0 (Windows NT 10.0; Win64; x64) AppleWebKit/537.36 (KHTML, like Gecko) Chrome/149.0.0.0 Safari/537.36","userId":"11ceab47-af7b-457c-bfba-3ad0cf0d44f6"},"timestamp":"2026-07-22 11:13:51"}
{"level":"info","message":"GET /api/patients - IP: ::1","timestamp":"2026-07-22 11:13:51"}
{"level":"warn","message":"Authentication failed: Missing or malformed token header","timestamp":"2026-07-22 11:13:51"}
{"level":"info","message":"GET /api/patients - IP: ::1","timestamp":"2026-07-22 11:13:51"}
{"level":"warn","message":"Authentication failed: Missing or malformed token header","timestamp":"2026-07-22 11:13:51"}
{"level":"info","message":"GET /api/patients - IP: ::1","timestamp":"2026-07-22 11:13:59"}
{"level":"warn","message":"Authentication failed: Missing or malformed token header","timestamp":"2026-07-22 11:13:59"}
{"level":"info","message":"GET /api/patients - IP: ::1","timestamp":"2026-07-22 11:13:59"}
{"level":"warn","message":"Authentication failed: Missing or malformed token header","timestamp":"2026-07-22 11:13:59"}
{"level":"info","message":"GET /api/patients - IP: ::1","timestamp":"2026-07-22 11:14:02"}
{"level":"warn","message":"Authentication failed: Missing or malformed token header","timestamp":"2026-07-22 11:14:02"}
{"level":"info","message":"GET /api/patients - IP: ::1","timestamp":"2026-07-22 11:14:02"}
{"level":"warn","message":"Authentication failed: Missing or malformed token header","timestamp":"2026-07-22 11:14:02"}
{"level":"info","message":"GET /api/patients - IP: ::1","timestamp":"2026-07-22 11:14:05"}
{"level":"warn","message":"Authentication failed: Missing or malformed token header","timestamp":"2026-07-22 11:14:05"}
{"level":"info","message":"GET /api/patients - IP: ::1","timestamp":"2026-07-22 11:14:05"}
{"level":"warn","message":"Authentication failed: Missing or malformed token header","timestamp":"2026-07-22 11:14:05"}
{"level":"info","message":"GET /api/chats/users - IP: ::1","timestamp":"2026-07-22 11:14:06"}
{"level":"warn","message":"Authentication failed: Missing or malformed token header","timestamp":"2026-07-22 11:14:06"}
{"level":"info","message":"GET /api/chats/users - IP: ::1","timestamp":"2026-07-22 11:14:06"}
{"level":"warn","message":"Authentication failed: Missing or malformed token header","timestamp":"2026-07-22 11:14:06"}
{"level":"info","message":"GET /api/auth/me - IP: ::1","timestamp":"2026-07-23 20:56:46"}
{"level":"warn","message":"Authentication failed: Missing or malformed token header","timestamp":"2026-07-23 20:56:46"}
{"level":"info","message":"GET /api/auth/me - IP: ::1","timestamp":"2026-07-23 20:56:47"}
{"level":"warn","message":"Authentication failed: Missing or malformed token header","timestamp":"2026-07-23 20:56:47"}
{"level":"warn","message":"Encryption key was not 32 bytes. Derived a 32-byte key using SHA-256.","timestamp":"2026-08-28 20:19:41"}
{"level":"info","message":"Serving static files from C:\\Users\\CADCAM\\.antigravity-ide\\ISIQALO MED\\frontend\\dist","timestamp":"2026-08-28 20:20:14"}
{"level":"info","message":"Server successfully running on port 5000","timestamp":"2026-08-28 20:20:14"}
{"level":"info","message":"Connected to SQLite database at C:\\Users\\CADCAM\\.antigravity-ide\\ISIQALO MED\\backend\\data\\database.sqlite","timestamp":"2026-08-28 20:20:14"}
{"level":"info","message":"Database tables initialized successfully from isiqalo.sql","timestamp":"2026-08-28 20:20:14"}
{"level":"info","message":"POST /api/auth/login - IP: ::1","timestamp":"2026-08-28 20:20:15"}
{"level":"info","message":"POST /api/auth/login - IP: ::1","timestamp":"2026-08-28 20:20:18"}
{"level":"info","message":"POST /api/auth/register/practitioner - IP: ::1","timestamp":"2026-08-28 20:21:47"}
{"level":"info","message":"POST /api/auth/register/practitioner - IP: ::1","timestamp":"2026-08-28 20:21:47"}
{"level":"info","message":"POST /api/auth/register/practitioner - IP: ::1","timestamp":"2026-08-28 20:21:48"}
{"level":"info","message":"POST /api/auth/register/practitioner - IP: ::1","timestamp":"2026-08-28 20:21:48"}
{"level":"warn","message":"Auth rate limit exceeded for IP: ::1 — possible brute-force attempt on /auth/register/practitioner","timestamp":"2026-08-28 20:21:48"}
{"level":"info","message":"POST /api/auth/register/practitioner - IP: ::1","timestamp":"2026-08-28 20:21:48"}
{"level":"warn","message":"Auth rate limit exceeded for IP: ::1 — possible brute-force attempt on /auth/register/practitioner","timestamp":"2026-08-28 20:21:48"}
{"level":"info","message":"POST /api/auth/register/patient - IP: ::1","timestamp":"2026-08-28 20:23:10"}
{"level":"warn","message":"Auth rate limit exceeded for IP: ::1 — possible brute-force attempt on /auth/register/patient","timestamp":"2026-08-28 20:23:10"}
{"level":"info","message":"POST /api/auth/register/patient - IP: ::1","timestamp":"2026-08-28 20:23:11"}
{"level":"warn","message":"Auth rate limit exceeded for IP: ::1 — possible brute-force attempt on /auth/register/patient","timestamp":"2026-08-28 20:23:11"}
